user,text
50s_60s_and70s,@KamalaHarris @JoeBiden https://t.co/KbXOyS7zuc
ColtonBoettcher,@KamalaHarris @TIME @JoeBiden This is disgusting.
TonyRobinson,@KamalaHarris @JoeBiden The whole world is waiting and we want the @USA back in the community of global cooperationâ€¦ https://t.co/0vUimWFEdp
Gulfscuba,@KamalaHarris @JoeBiden FJB
KathyJo54092681,@KamalaHarris @JoeBiden That's to long we need him now.
Tijjani23334549,@KamalaHarris @JoeBiden In shaa Allah
rekillian,@KamalaHarris @JoeBiden Corrupt China Joe Biden is not my president.
nikkie_morris,@KamalaHarris @JoeBiden It feels like eternity..
imJohnGibson,@KamalaHarris Congratulations Madam Vice President â¤ï¸â¤ï¸â¤ï¸
MomCurran24,@KamalaHarris @JoeBiden AND YOU.. become the best role model in the free world. I'm so excited for you. You were myâ€¦ https://t.co/iY1MGpv3tf
chrisgdrury,@KamalaHarris @JoeBiden God help us.
el_donny,@KamalaHarris @finneas @JoeBiden 47th
AidanAl21129569,@KamalaHarris @JoeBiden 41 days before he abdicates to you.
RieMcAz,@KamalaHarris @JoeBiden And I become the queen of England.  @12Tulip3 ğŸ˜‚ https://t.co/CnJT1xWZLH
MOHDTanveerSid4,@KamalaHarris @JoeBiden ğŸ™
Marymccormack6,@KamalaHarris @JoeBiden And the entire world can not wait! Make America great again. Please.
glassmeg,@KamalaHarris @JoeBiden It can't be soon enough with so many traitors in this government.
sgtmolly06,"@KamalaHarris @JoeBiden Kamala, have you resigned your Senate seat yet? If not, why not? #HeelsUpHarris"
BADABING2016,RT @Sudaredux: @KamalaHarris This entire country is so ready for competency! Thank you for bringing reality back to our country! We have beâ€¦
readanddogood,@KamalaHarris @JoeBiden and you VP; finally something comes right in 2020.
DebraEastWyo,"@KamalaHarris @JoeBiden Please speed the time warp again. 40 days in 45 time is 1,800 days in human time."
j_ajagan,@KamalaHarris @JoeBiden Only around 1900 days for US to get the First Female President.
pride4schools,"@KamalaHarris VP Elect Harris, remember that people who made over $100,000 in 2019 are also hurting.  Some are nowâ€¦ https://t.co/wIgwkSbOrx"
DIPGparent,@KamalaHarris @JoeBiden Then why havenâ€™t you resigned from the senate?
jilldea12140782,@KamalaHarris @JoeBiden WhoğŸ˜‚ğŸ˜‚ğŸ˜‚ğŸ˜‚ğŸ˜‚
hska3395,@KamalaHarris @JoeBiden Ø§Ù„Ù„Ù‡ ÙŠØ³ØªØ± Ø¹Ù„ÙŠÙƒÙ… Ù…Ù† Ø§Ù„Ø·Ù„Ù…Ø¨Ù‡ Ø§Ù„Ù…Ø§Ø³Ùƒ Ø¯Ù‡ Ø¥Ø­ØªÙ…Ø§Ù„ Ø¹Ø§Ø¯ÙŠ ÙÙŠ Ø§Ù„ÙŠÙˆÙ… Ù£Ù© ÙŠØµÙˆØªØ§ Ù„ÙŠÙƒÙ… ÙŠØ§ÙØ§Ø±Ø§ØªğŸ˜
MAGA_Diane,"RT @ddspangler7: @KamalaHarris @JoeBiden Not looking good for Creepy Joe, but looking great for President Trump and the American people."
RiedeKaitlin,@KamalaHarris @JoeBiden Do you mean until our world is ruined?
AsMaulaali,@KamalaHarris @TIME @JoeBiden Why? It's sham reward.
EricaLScott,@KamalaHarris @JoeBiden It can't come soon enough. Thousands more will die in those 40 days. ğŸ˜”
EV1LD3ADP1NH3AD,@KamalaHarris @JoeBiden I'll just leave this here..   https://t.co/saSN1yl7AA  Check mate!
catkelly955,@KamalaHarris @JoeBiden HURRRRRRRY!
dpaul1020,@KamalaHarris @TIME @JoeBiden Congratulations!!
StacyFreedban,@KamalaHarris @GallegosJohn @TIME @JoeBiden You have the majority of Americans and our Allies backing you up!
Scrivener1A,@KamalaHarris As always it takes Democrats to clean up the Republican mess.
craigkaold,@KamalaHarris @JoeBiden ğŸ˜‚ğŸ˜‚ğŸ˜‚
PortableRockArt,@KamalaHarris I'm so here for thisğŸ‘ğŸ½
GallegosJohn,RT @GallegosJohn: @KamalaHarris @JoeBiden 40 days! https://t.co/7hhTsCLcbU
weedabus,"@KamalaHarris @JoeBiden I patiently await true dignified government,someone who really does know what ""Love"" is for the people they serve."
jannysnamaste,@KamalaHarris @JoeBiden #JoeFrauden will be the president of the Guantanamo Bay jail.
C79262373,@KamalaHarris @JoeBiden Can't wait
grcassatt_r,"@KamalaHarris @TIME @JoeBiden So many more deserving people. How about the cop who stopped a school shooting, how tâ€¦ https://t.co/NE36QvuWmp"
JerRobbins1,@KamalaHarris @JoeBiden Why haven't you given up your Senate seat yet? Millions are asking you. Why don't you tell us?
GallegosJohn,@KamalaHarris @JoeBiden 40 days! https://t.co/7hhTsCLcbU
angry_snowflake,@KamalaHarris @GallegosJohn We should convert abandoned shopping mallâ€™s into housing for veterans.
bandsforbernie,@KamalaHarris One â€œstimulusâ€ survival check is wholly INADEQUATE! BAIL OUT PEOPLE FIRST! Trickle up. MILLIONS are oâ€¦ https://t.co/Dko16nEsZ1
Oscar00021163,@KamalaHarris @JoeBiden https://t.co/I1zU33HD4C
jimkuethe,@KamalaHarris @TIME @JoeBiden With China helping how can you two go wong?
ArinzeDuru,@KamalaHarris @JoeBiden If God says so.
misscuchi1,@KamalaHarris @JoeBiden Can we make it happen sooner????
Poe97598923,@KamalaHarris @TIME @JoeBiden Did ypu give up that senate seat yet? We're waiting!
1sabeer,@KamalaHarris https://t.co/UqFawsG6CH
jlf0715,@KamalaHarris @JoeBiden But who's counting right?!ğŸŠğŸ‰
Ema_Boccardo,@KamalaHarris @JoeBiden Perhaps
AbdalqadeerN,"@KamalaHarris @JoeBiden Several women, the breath is cleansedğŸ˜‚ğŸ˜‚ğŸ˜‚"
amiacove,"@KamalaHarris @JoeBiden Amen and hallelujah ğŸ‘ğŸ‘ğŸ‘ğŸ‘ğŸ‘ğŸ‘ğŸ‘ğŸ‘ğŸ‘ğŸ‘, Kamala is awesome ğŸ‘"
freeland_jeff,@KamalaHarris @JoeBiden You can count.
MitiloIgnoto,@KamalaHarris Affordable housing? Trump tower!
Donnafr45775821,@KamalaHarris @JoeBiden Canâ€™t come soon enough!!!!
Nannie44689284,@KamalaHarris @JoeBiden https://t.co/EHyVQsAKh2
IsaacYbarbo,@KamalaHarris @JoeBiden You mean intel the world ends
dpaul1020,@KamalaHarris Being a welcome MVP our future can only be positive  &amp; healthy
JulzBFab,RT @JeffreyGuterman: @KamalaHarris @JoeBiden Please follow. I am hosting an Inaugural Celebration via #Periscope on January 20 at 7 PM ET.â€¦
rick28634443,@KamalaHarris You donâ€™t care about people. You only care about you.
Fred53289240,@KamalaHarris @TIME @JoeBiden Whoâ€™d you blow at Time
Saravan98560893,@KamalaHarris @JoeBiden Please help me
jillylove101,@KamalaHarris @TIME @JoeBiden Psychos
FordJumpin,@KamalaHarris @TIME @JoeBiden Why haven't you vacated your Senate seat?
Tamil24654001,@KamalaHarris Hi mam I'm from tamilnadu pls don't help for modi govt..Pls help to remove the modi... We really hateâ€¦ https://t.co/8pWlJQz8Kp
JPMellor,@KamalaHarris @TIME @JoeBiden https://t.co/9NTJxA8lAg
Macdaddy721,@KamalaHarris @JoeBiden https://t.co/u6dJHrNI89
PiperCutch,@KamalaHarris @TIME @JoeBiden So was Hitler
AaronPa52518213,@KamalaHarris @JoeBiden And you become vice president! Can't wait!
DEVINRO05422558,@KamalaHarris @JoeBiden #bidencheated  #bidencheated2020 # kamalaharriswilliebrown #stopthesteal
mikee81293,@KamalaHarris @JoeBiden Canâ€™t come quick enough!
almondravyn,@KamalaHarris @JoeBiden Can we speed up time? It is getting harder to hold onto sanity but I'm standing strong knowâ€¦ https://t.co/baLflpgrws
sassy9374,@KamalaHarris @JoeBiden Can't come soon enough! #PresidentJoeBiden #VicePresidentKamalaHarris
EV1LD3ADP1NH3AD,@KamalaHarris @JoeBiden Traitor says what?
JeanWygmans,@KamalaHarris @JoeBiden 40 days is way toooooooo long.
micseebe,"@KamalaHarris @JoeBiden Keep dreamin, fraud! ğŸ¤£ğŸ¤£ğŸ˜†ğŸ˜†ğŸ˜‚ğŸ˜‚ America is still waiting to hear you and #Sleepy to addressâ€¦ https://t.co/Pztnescpoq"
Trump2065623255,@KamalaHarris Nothing here to see
Queene55531632,@KamalaHarris @JoeBiden Hopefully
Kimberl92986423,"@KamalaHarris and as you have no experience in caring about vets, only illegals and state employees and Joe only cares about himself - scary"
sumwearntime,"@KamalaHarris You mean the swamp- be honest, stop lying."
CharlieMonk,@KamalaHarris @JoeBiden 405 'til you take over?
Richard18377850,"@KamalaHarris Blah, blah, blah"
CDainley,@KamalaHarris @JoeBiden Resign your senate seat then if youâ€™re so confident he will be.
thegifreaction,@KamalaHarris @TIME @JoeBiden https://t.co/0RcoxreatD
DannyMe74211087,@KamalaHarris Have you resigned your Senate seat yet????ğŸ˜‚ğŸ˜‚ğŸ˜‚ğŸ˜‚ğŸ”´âœ”
ursala_yacoob,RT @_ReaalAmerican_: @KamalaHarris @JoeBiden https://t.co/nU3YF7fyFZ
clayton79070503,@KamalaHarris Looks like Joe and his Hoe kicked BLM to the Curb. https://t.co/nRF5aclN6c
ddspangler7,"@KamalaHarris @JoeBiden Not looking good for Creepy Joe, but looking great for President Trump and the American people."
DonaldODaniels1,@KamalaHarris @JoeBiden We know what you're counting.
RobertS24210689,@KamalaHarris @JoeBiden https://t.co/CfAWs0DSxN
laurent_vieliza,@KamalaHarris @JoeBiden We are all excited Madam vice president.
CamillaSlater5,@KamalaHarris @JoeBiden Love from NZ. We canâ€™t wait!! â¤ï¸
PowerAtma,@KamalaHarris https://t.co/Hl09sIsVHv
EuReturn,@KamalaHarris Fake
TimWeaver20,"@KamalaHarris @JoeBiden ""Only""?  It's going to feel like 40,000."
BrettWHarper,@KamalaHarris Some things we need to do to affordable housing: 1. Stop discriminating against medical marijuana useâ€¦ https://t.co/7IzucCSoee
lisa_rendine,@KamalaHarris You don't have a team. Just a group of wannabes.
shreedelo,@KamalaHarris @JoeBiden #BidenAdministration Must address grievances of every American.  2 years on they give Ameriâ€¦ https://t.co/zaviIVHyAZ
cubalibreporsie,@KamalaHarris @JoeBiden If you are so sure why does not resign his position in the Senate
Reel_steel86,@KamalaHarris @TIME @JoeBiden You were roundly rejected by your own party in the primaries. This is an elitist awarâ€¦ https://t.co/kQlIYwqBOO
_TahoeSkier_,@KamalaHarris @JoeBiden Weâ€™ll see about that!!
JustWinBaby2021,@KamalaHarris @JoeBiden https://t.co/GEENVIxTL9
Cherylynne7,@KamalaHarris @JoeBiden That day cannot get here soon enough!
mlegions75,@KamalaHarris @JoeBiden It's now Political Lent season...
Andree02682887,@KamalaHarris @JoeBiden I can't wait Kamala! Please make it happen quicker!
jlmonserrate,"@KamalaHarris @JoeBiden @TheDemCoalition ...and Kamala Harris a historic Vice President! Canâ€™t wait, we need yâ€™allâ€¦ https://t.co/zTichFHIMQ"
JohnnyLA112,"@KamalaHarris @JoeBiden I can't wait for all this nonsense to end, but sadly feel it has just begun"
doc21006300,@KamalaHarris @TIME @JoeBiden Time personâ€™s of the year and you havenâ€™t done anything. Well time did have hitler anâ€¦ https://t.co/1Na6APdddZ
KimBronson8,@KamalaHarris @JoeBiden Donâ€™t count on that
Jm234Jeri,"@KamalaHarris Biden could give a care about Covid or any Americans! Harris/Biden want people brainwashed,poor, homeâ€¦ https://t.co/V9mFn5JTr9"
theproducers10,"@KamalaHarris @JoeBiden ğŸ¤£ğŸ¤£ğŸ¤£ğŸ¤£ğŸ¤£ğŸ¤£ and did you resign as Senator?  No, I donâ€™t think you did ğŸ¤”ğŸ¤”ğŸ¤£ğŸ¤£"
Irockirule,@KamalaHarris @JoeBiden Canâ€™t happen soon enough!!!â™¥ï¸
AsilisArt,@KamalaHarris @JoeBiden https://t.co/3XtWUA9iKU
MAtamnia,"@KamalaHarris @JoeBiden Yes Vice President elect, it is just 40 days and we will get  our Country back, and Honor,â€¦ https://t.co/WzaWJik1Nl"
KimBronson8,@KamalaHarris @JoeBiden https://t.co/xRaur3rdKR
mid_rangeJay,RT @SanFranDamn: @KamalaHarris @JoeBiden https://t.co/M8PyBwOJKk
Trying2PissUOff,@KamalaHarris @TIME @JoeBiden Hereâ€™s a list of everything Kamala Harris did in 2020 to earn this honor. 1. 2. 3. 4. 5. 6. 7. 8. 9. 10.
alantonelli,@KamalaHarris @JoeBiden The countdown to socialism. #CoronaHoax @alantonelli
Jacjav117,@KamalaHarris @TIME @JoeBiden BRAVO TO THE ONES WHO ELECTED YOU https://t.co/3SgHvX8cbF
ContinuationWar,@KamalaHarris @JoeBiden Not gonna happen.
Getonthetumptr1,@KamalaHarris @JoeBiden https://t.co/f0oifoIeiO
StephenCroft25,@KamalaHarris @JoeBiden Nope.
sasesherry,@KamalaHarris @JoeBiden Cannot come soon enough
rony_jeune,"@KamalaHarris Only With God, Can We Apply, Truth, Fact, And Reality To Our Lives."
StacyFreedban,@KamalaHarris @GallegosJohn @JoeBiden Feels like an eternity!!
asi54973958,@KamalaHarris @JoeBiden Lol ğŸ˜‚
mmenca4,"@KamalaHarris @JoeBiden Things are looking sad and bleak. Trump has been allowed to not only, ruin the election forâ€¦ https://t.co/H0UPWedCXK"
BillyHo37118487,@KamalaHarris @JoeBiden You wish https://t.co/7ngTDvXDXc
newportbch,@KamalaHarris @JoeBiden Stop threatening me!
Man_of_Shul,@KamalaHarris @TIME @JoeBiden Give us healthcare. Give us stimulus. Elected officials in Washington IS OUR GREATEST CRISIS.
Cptmerica1,@KamalaHarris @JoeBiden Kamala may have dementia as well!
foss105,@KamalaHarris @JoeBiden Still not soon enough!! They are doing so much damage
citizen12141,RT @mike_wanaoni: @KamalaHarris @JoeBiden How Hitler seized power in Nazi Germany: 1. Create a crisis. 2. Demonize opponents. 3. Declare aâ€¦
bastokyg,@KamalaHarris @JoeBiden 40 more days of madness from the Orange Psychopath.
JEK000000,@KamalaHarris @JoeBiden ğŸ¤®
ToeKnee78,"@KamalaHarris @JoeBiden So much damage to undo, itâ€™s going to be a busy 4 years!!"
Jalepeno84,@KamalaHarris @JoeBiden How many minorities have you put in jail?
usaphotodude,@KamalaHarris @JoeBiden ğŸ‡ºğŸ‡¸ğŸ‡ºğŸ‡¸ #BidenHarris ğŸ‡ºğŸ‡¸ğŸ‡ºğŸ‡¸ https://t.co/aX8e2ZAZef
Pete1099,@KamalaHarris @JoeBiden Yes yes yes
MoisesAraujoSan,@KamalaHarris 11/12/2020 | VIGÃLIA ESPECIAL - SÃ‰RIE O ARREBATAMENTO DA IGREJA  #PowerfulVigilExpo https://t.co/R2zSyOgtWK
DanielM85006602,@KamalaHarris VocÃª vai ser presa junto do velho ... anota ai
mumof5plus1,@KamalaHarris @TIME @JoeBiden You donâ€™t belong there and you know it. You are a fraud politician who slept her wayâ€¦ https://t.co/u8Tu2H96Ig
dannypgh,"@KamalaHarris @JoeBiden I agree it's only 40 days till Biden becomes president, but I still think there's a chanceâ€¦ https://t.co/XGzrqoFeIa"
VoglerMichael,@KamalaHarris @JoeBiden #CheatingDemocrats  #Cheaters  #CheatingJoeBiden
sm54316294,@KamalaHarris @JoeBiden When are you going to resign your senate seat?
kilcoyne88817,"@KamalaHarris Less taxes ,and universal health care, get rid of the freeloading parasites, drain trumps swamp  stopâ€¦ https://t.co/UugS8dN3OA"
JasjeetJyoty,@KamalaHarris @JoeBiden I am doing countdown too! I will be emailing White House every day starting Jan 20th.. statâ€¦ https://t.co/Dbw2uIlMmW
pride4schools,"@KamalaHarris VP Elect Harris, remember that people who made over $100,000 in 2019 are also hurting.  Some are nowâ€¦ https://t.co/O2jQq4MfSj"
Keith66627968,"@KamalaHarris @JoeBiden Yes! &amp; You, his Vice President! Let's Roll y'all"
mshelton007,@KamalaHarris @JoeBiden https://t.co/O0ypf2knrz
Blkisbeautiful,@KamalaHarris @JoeBiden These 40 days is  taking forever https://t.co/ASbwhf5aWC
Rebecca28477715,@KamalaHarris @JoeBiden Hallelujah!
Nava_MJR,@KamalaHarris @JoeBiden Looking forward to positive changes!
CarolineSUSPEN,RT @mike_wanaoni: @KamalaHarris @JoeBiden How Hitler seized power in Nazi Germany: 1. Create a crisis. 2. Demonize opponents. 3. Declare aâ€¦
LAwoman4Bernie,@KamalaHarris Medicare for All. Now.
BibaBusiness,@KamalaHarris @JoeBiden The amazon gift card https://t.co/9yEVCX2x3c
eski_vatansever,@KamalaHarris @JoeBiden UmarÄ±m ayaÄŸÄ±n bi yere takÄ±lÄ±r ve Ã¶lÃ¼rsÃ¼n
LL93829409,@KamalaHarris @JoeBiden We canâ€™t wait.
stephmassengill,RT @NotATweeter16: @KamalaHarris General Austin is an exceptional leader who has made profound sacrifices for this country &amp; our military.â€¦
chikyruiz321,@KamalaHarris @TIME @JoeBiden Congratulations. I can't wait to finally have you and President Biden in the WH
LemLemanski,RT @CarolineSUSPEN: @KamalaHarris @JoeBiden The Oligarchy has installed the unelected and unelectable Kopmala. The people have finally beenâ€¦
magentareddot,"RT @magentareddot: @KamalaHarris @theebillyporter @TIME @JoeBiden This is my Opinion; This Mr; Trump has a lot of nerve, Indirectly sendingâ€¦"
Djm4Mj,@KamalaHarris @TIME @JoeBiden That's not as honorable as you think it is. Hitler and Stalin (2x) were both named.â€¦ https://t.co/U5orqWSWgq
TxBuilders,@KamalaHarris @JoeBiden That is if it really happens.
magentareddot,"@KamalaHarris @theebillyporter @TIME @JoeBiden This is my Opinion; This Mr; Trump has a lot of nerve, Indirectly seâ€¦ https://t.co/YEEsl2nA4H"
DineshK53627110,@KamalaHarris @JoeBiden Congregation mam
Cecil39024933,@KamalaHarris @JoeBiden ğŸ–•
ClaireRawlings7,@KamalaHarris @TIME @JoeBiden That one is better. https://t.co/8ZUtKxPyP5
TimTheArkansan,@KamalaHarris @JoeBiden So hopeful... lol. Even criminals in prison try to tell us they are innocent. Lol America wâ€¦ https://t.co/BRvpbt6DIj
AmberKansas99,@KamalaHarris @JoeBiden Or not
flyingspghetti,@KamalaHarris @JoeBiden https://t.co/Iouxbw1Ysn
joqatana,@KamalaHarris There is a FIVE YEAR back-up on Senior Housing. I have been homeless for seven. We. Need Homes.
TJMorganUSA,@KamalaHarris @TIME @JoeBiden Have you conceded the election yet?
djfallu,@KamalaHarris Hey we join in the spirit of congratulations to our candidates for the presidency and vice-presidencyâ€¦ https://t.co/4Cg8bjQfZR
drnonawilliams,@KamalaHarris @JoeBiden Right now 40 days seems like 40 years. I hope we all last that long.
R8aNation,@KamalaHarris @JoeBiden I'm not sure that's going to happen. Half the country feels like this election was stolen.
CarolineSUSPEN,@KamalaHarris @JoeBiden The Oligarchy has installed the unelected and unelectable Kopmala. The people have finallyâ€¦ https://t.co/PEeGFQM2ll
wbsheehan75,@KamalaHarris @JoeBiden Bullshit!
Frogpeltcpa,"@KamalaHarris @JoeBiden Good, I still have your back."
Rick57358841,@KamalaHarris @TIME @JoeBiden https://t.co/LpPePGbsPM
austin10347592,@KamalaHarris @JoeBiden The United States of Americaâ€™s â€œpresident electâ€™sâ€ son is being investigated for national sâ€¦ https://t.co/XdXcyV8vHP
SeinGuy26,@KamalaHarris @JoeBiden https://t.co/zgv8Zsffme
SpamYosemite,"@KamalaHarris but you sure screwed up housing back home in San Francisco, so badly so that I fled my family homeland of six generations..."
98hdfxdwg,RT @JeffreyGuterman: @KamalaHarris @JoeBiden Please follow. I am hosting an Inaugural Celebration via #Periscope on January 20 at 7 PM ET.â€¦
Sidneerymes,@KamalaHarris @JoeBiden A. Very. Long. 40 days.
pauljam93510123,@KamalaHarris Lololol
trumprules23,@KamalaHarris @TIME @JoeBiden Kamalaa do you still beleive TARA REEDE. CAUSE JOE DOESNT.
PaulWSenior1,@KamalaHarris @JoeBiden Not my President;heâ€™s a crook and should be indicted!
Nataleeflores5,"@KamalaHarris @TIME @JoeBiden I was about to say: don't get cocky. But Kamala straight-up pivoted back to ""the workâ€¦ https://t.co/4QVL8DnMW4"
JasonLe18620690,"@KamalaHarris @JoeBiden Awesome! May The Upcoming New President Of The United States Of America, Joe Biden, And Theâ€¦ https://t.co/z1gONshuyR"
brassasin36,@KamalaHarris @JoeBiden Gonna be a bumpy one.  May want to grab on to willies willie and golf tight. https://t.co/aXpDV7ZFUg
ErkysC,@KamalaHarris Mrs. Vice President you should check all the home health agencies nationwide there are plenty of nursâ€¦ https://t.co/iVvfQvdK38
myWitsEnnd,@KamalaHarris @JoeBiden We can't wait that long #HelpUsNow
newmansmom24,@KamalaHarris @JoeBiden Only 40 days until Civil War breaks out if the cheating administration is put in place.
Dpires1978,"@KamalaHarris @JoeBiden Yeah canâ€™t wait see both at WH, itâ€™s time for the loser to go way"
RebelLeader10,@KamalaHarris @JoeBiden #40246
Investor_Davies,@KamalaHarris DM ME TO CLEAR OFF YOUR BANK ACCOUNT OR CREDIT CARD DEBT $5âƒ£0âƒ£0âƒ£0âƒ£ real quickâ“ lmkğŸ‘‹ğŸ‡¨ğŸ‡¦ğŸ‡¨ğŸ‡¦ğŸ‡ºğŸ‡¸ğŸ‡ºğŸ‡¸ğŸ’°ğŸ’°ğŸ’°
PhilthyLando,@KamalaHarris @JoeBiden Anybody throwing a party...... Online? https://t.co/P4cmEP3uPo
ally_trumps,@KamalaHarris @JoeBiden Less than 30 before it's proven that Biden is a security risk because of his dumbass son.â€¦ https://t.co/5o35S78JGC
Wish69,RT @JeffreyGuterman: @KamalaHarris @JoeBiden Please follow. I am hosting an Inaugural Celebration via #Periscope on January 20 at 7 PM ET.â€¦
Eaglefan1910,"@KamalaHarris @JoeBiden ATTENTION: Election fraud report, Mitch McConnell, Thom Tillis and Lindsey Graham all had lâ€¦ https://t.co/jRmPyUqaBj"
BEYNCEcallmeDVA,@KamalaHarris @JoeBiden How many days until foundational Black Americans receive reparations
MugShots4u,@KamalaHarris @JoeBiden China's puppet. We will head straight into a Communism if they get in office
MattKester,@KamalaHarris @JoeBiden 40 days and 40 nights. This sounds ominously biblical.  Very much like Mister Trump's Inaugâ€¦ https://t.co/Ce69EB3kSP
ddoxpile,@KamalaHarris @JoeBiden When are you going to resign your senate seat?
rhisgen,@KamalaHarris @JoeBiden And lets Hope you will be #47 after 8 years of Joe :)
kevinGduk,@KamalaHarris @JoeBiden Not quite yet!
wbn321,@KamalaHarris @JoeBiden Wouldn't bet the farm on that
peterkat9,@KamalaHarris @JoeBiden Not do fast
Xerthighustruth,@KamalaHarris @TIME @JoeBiden @realDonaldTrump tell us how much it hurts your feelings.
Stash93732014,@KamalaHarris @TIME @JoeBiden Didnâ€™t you bang your (married) boss ?
ddoxpile,@KamalaHarris @JoeBiden ğŸ¤£ğŸ¤£ğŸ¤¡
fei_max,@KamalaHarris https://t.co/yO1OPabUzw
legacybuilders5,@KamalaHarris @JoeBiden Laughing stock you are...
T_RIS_TE,@KamalaHarris @JoeBiden ğŸ–¤ğŸ–¤
nicoletheginga,"@KamalaHarris When you were VP we had the biggest housing market crash that left people homeless.. thatâ€™s not â€œaffordableâ€, @JoeBiden"
Gladys80618257,@KamalaHarris @JoeBiden I can't wait for that glorious day. We need to be vigilant with our Democracy. Make sure thâ€¦ https://t.co/cq9LDtRDVM
NorthStar1956,@KamalaHarris @JoeBiden Enact #MedicareForAll.
VelazquezLoreyn,@KamalaHarris @JoeBiden https://t.co/JdOR0cftWF
jeremymckinno12,@KamalaHarris @TIME @JoeBiden No one reads time mag
grcassatt_r,@KamalaHarris @TIME @JoeBiden You through your morals and values out the window again this year. First you believedâ€¦ https://t.co/InSwuevtpl
rubylee21625873,@KamalaHarris @JoeBiden YOU WILL GO TO GITMO BEFORE YOU OR HIM STEP FOOT IN THE PEOPLE'S HOUSE! TRAITORS! PAY TO PLAY CROOKED DEMONCRATS!
innalevine13,@KamalaHarris @TIME @JoeBiden Ğ¡ÑƒĞºĞ° Ğ¿Ğ¾Ğ´ĞºĞ¾Ğ»Ğ¾Ğ´Ğ½Ğ°Ñ
BasicTomReal,@KamalaHarris @JoeBiden Then you should definitely resign from being senator because you have nothing to worry about. ğŸ˜œ
VelazquezLoreyn,@KamalaHarris @JoeBiden https://t.co/Q7jNVuNaZs
linuxrebel,@KamalaHarris Madam Vice President Elect.  As a veteran.  I've never felt like the US cared about me either in theâ€¦ https://t.co/wB4nHxE9hu
Lesliepk13,@KamalaHarris @JoeBiden Not soon enough
NorthStar1956,RT @WestCoastGadfly: @KamalaHarris @JoeBiden https://t.co/NwfVSJ0p0E
bandsforbernie,@KamalaHarris @JoeBiden One â€œstimulusâ€ survival check is wholly INADEQUATE! BAIL OUT PEOPLE FIRST! Trickle up. MILLâ€¦ https://t.co/qGAEEkA3OO
8IYDTmWPG7Ma6qa,@KamalaHarris @JoeBiden Iâ€™m counting the days with you!!!ğŸ¥°âœ”ï¸
kitooze,@KamalaHarris @JoeBiden https://t.co/7uT8Ib3XZM
lakerslaker,@KamalaHarris @JoeBiden It can't come fast enough!!!!
Kilted_Koala,"@KamalaHarris @JoeBiden 959 hours and 55 minutes, but who's counting? And is anyone else hedging their bets on 46thâ€¦ https://t.co/1Ia98cQn2p"
AfeZgd,@KamalaHarris @JoeBiden $YFIAG  #DeFi #staking @yearnagnostic  All see you're very good currencyğŸ¤­ğŸ˜ğŸ˜
charles_379,@KamalaHarris @Meidas_Erin @JoeBiden Have you resigned from the Senate yet?
my4girls,@KamalaHarris @JoeBiden #comeonman  #FightForAmerica  #BidenCheats
MeyonnaG,@KamalaHarris @JoeBiden Good them maybe @JoeBiden wonâ€™t let me die in jail
Joehjr62,@KamalaHarris @TIME @JoeBiden You and Joe didnâ€™t do shot this year??  Kinda like Obamaâ€™s peace prize.  Lol. Mainstrâ€¦ https://t.co/F78EXcLq76
Ghostsh90024265,@KamalaHarris Cant wait for you to be president instead of that racist POS joe Biden needs to be voted out due to dâ€¦ https://t.co/zxZT9AwQ7S
daparsonspumper,@KamalaHarris @JoeBiden https://t.co/xz9hTESTIa
CindySaloom,@KamalaHarris @JoeBiden About 1500 days too late
nteagles24,@KamalaHarris @TIME @JoeBiden They reward two people responsible for putting millions of minority into long prison time what a fricking joke
GilberGlez,@KamalaHarris @CubaLila @JoeBiden In your dreams
deesnews421,"@KamalaHarris Happy Hanukkah!! Its great to have our new Vice President celebrate it too, so thank you! Knowing youâ€¦ https://t.co/S20qz6Ztb6"
rajchouhankawla,@KamalaHarris à¤¸à¥‹à¤œà¤¾ à¤¬à¥à¤¡à¥à¤¢à¥‡
debegraham,@KamalaHarris @JoeBiden It cannot come soon enough.  I hope the current resident of the WH hasnâ€™t cause the 2 of yoâ€¦ https://t.co/WsUftjxGgP
acmejc,@KamalaHarris @JoeBiden Cant wait
hazelbazel9,RT @BishesBrew: @KamalaHarris @JoeBiden 40 days until we can finally let Lady Justice have her turn with Donald Trump. âš–ï¸ğŸ‡ºğŸ‡¸
statler_o,@KamalaHarris @JoeBiden Joe's already my president.
Reed222Deborah,@KamalaHarris @JoeBiden It ainâ€™t happening sweetheart. Joe is a No Go!   #NoGoJoe
LastYearsStyle,@KamalaHarris @TIME @JoeBiden What exactly did you do??
KatyVotingBlue,RT @kevinsteinley: @KamalaHarris @JoeBiden https://t.co/zw7SzG6vtn
StephenWNix,@KamalaHarris â¤ï¸
L5Pgirl,@KamalaHarris @DrGJackBrown @JoeBiden HALLELUJAH! ğŸ‡ºğŸ‡¸ğŸ‡ºğŸ‡¸ğŸ‡ºğŸ‡¸
Rainding1,@KamalaHarris @JoeBiden Hi Senator HarrisğŸ¤ª
VStalowski,@KamalaHarris @JoeBiden But alot of americans will starve or be homeless in ty hat amount of time...some of us haveâ€¦ https://t.co/FruJl2l4kb
ScottFi81383204,@KamalaHarris We need a stimulus package passed and unemployment with $600 extra on the unemployment and a stimulus check before Christmas
dave61899378,@KamalaHarris @JoeBiden Why isnâ€™t this flagged?Def not true at all with the amount of legal proceedings taking placeğŸ¤·â€â™‚ï¸
DeplorableTex14,@KamalaHarris @JoeBiden Lmao! Umm yeah sure he will... https://t.co/9NoxaS36VC
JamesCr60944461,"@KamalaHarris Help the people that need help by no fault of their own, shocking that you ignore the facts , peopleâ€¦ https://t.co/nC7tZjgxH5"
saneswampdrainr,@KamalaHarris No Vilsack for Ag Secretary no Monsanto lobbyists and he fired Shirley Sherrod which was discrimination against black woman!
c_lucelle,@KamalaHarris @JoeBiden The most corrupted President ever nominated ! Embarrassing ğŸ˜³
sfcblakejetta,@KamalaHarris @JoeBiden  Perverted joe and the hairy hoe
marin4GISH,@KamalaHarris @JoeBiden Can we just give the entire country a sedative for the next 40 days? This is just too crazy to comprehend.
theeOGjase1,"@KamalaHarris Kamala, can you comment on Joe Bidenâ€™s dealing with China?"
o_tilee,"@KamalaHarris Because of you TYRANTS. Own it, dictator."
raelDonaldTrum8,"@KamalaHarris @JoeBiden So, I would like to congratulate Joe with the victory and a historic 80++ mill votes."
randy1392639353,RT @randy1392639353: @KamalaHarris @JoeBiden https://t.co/Mu1WIPyUmO
JoeRicanMarscal,@KamalaHarris Tell that to your squad sisters that are against Israel.   Tell me who you hang around with and I wilâ€¦ https://t.co/eBF7ddvIr6
BruceElkwood,"@KamalaHarris Americans are dying in this pandemic, losing their jobs and health care...  WE can no longer afford tâ€¦ https://t.co/JNu9T7cKlo"
Chill004Jeanne,@KamalaHarris @JoeBiden God bless America ğŸ‡ºğŸ‡¸
randy1392639353,@KamalaHarris @JoeBiden https://t.co/Mu1WIPyUmO
TrumpWonChick,"@KamalaHarris @JoeBiden I don't think that this is . the yr that the Dems create  a Biden dictatorship,  but ratherâ€¦ https://t.co/JxU5KwzGxh"
glockster23,@KamalaHarris https://t.co/5ZjClnTLhT
SealTurtle,@KamalaHarris @JoeBiden ğŸ¤£ğŸ¤¡ğŸ¤£ğŸ¤¡ğŸ¤£ğŸ¤¡ğŸ¤£ğŸ¤£ğŸ¤¡ğŸ¤£ğŸ¤£ğŸ¤£ğŸ¤£ğŸ¤£ğŸ¤£ğŸ¤£ğŸ¤£ğŸ¤¡ğŸ¤£ğŸ¤¡ğŸ¤¡ğŸ¤¡ğŸ¤£ğŸ¤¡ğŸ¤£ğŸ¤¡ğŸ¤£ğŸ¤£ğŸ¤£ğŸ¤£ğŸ¤£ğŸ¤£ğŸ¤£ğŸ¤¡ğŸ¤¡ğŸ¤¡ğŸ¤¡ğŸ¤¡ğŸ¤¡
Kane60360268,@KamalaHarris @JoeBiden Pfft I donâ€™t buy it
lmbc18,@KamalaHarris @johnpavlovitz @JoeBiden Cannot come fast enough.
princeiswithu,@KamalaHarris @JoeBiden Thats really the happiest phase u have like living a common life and intrinsic knowing thatâ€¦ https://t.co/bIFr4EXE3J
Pastore1983,@KamalaHarris @JoeBiden 40 days too long... should be tomorrow ğŸ¤·ğŸ»â€â™‚ï¸
VelazquezLoreyn,@KamalaHarris @JoeBiden https://t.co/ffPcTT4SPE
favpoliticchild,@KamalaHarris I love you are hero
jen_jlt926,@KamalaHarris @JoeBiden Cannot get here soon enough for me!!!!
JeffSilcox1,@KamalaHarris @TIME @JoeBiden You and Hitler have one more thing in common!
Jester1Bravo,@KamalaHarris @LisaSubeck @JoeBiden https://t.co/xPmpnCXaDO
grim_pet,@KamalaHarris @WarnockWarrior @JoeBiden How many more will be dead by then? All of these treasonous republican MFerâ€¦ https://t.co/SuqZf6L6FA
PriceMyAC,@KamalaHarris @JoeBiden 40 days till Gitmo
Aringr,@KamalaHarris @JoeBiden I'm so excited! https://t.co/tBdHGuXZvS
iCallBu09204740,@KamalaHarris As you spread your legs.
SmithSharif2024,@KamalaHarris Give the â€œgentrifiedâ€ yuppie complexes to affordable housing!
Gregory_Cal_Ore,@KamalaHarris @JoeBiden Cheaters!!! And Liars!!!!
ReidMadelynn,"@KamalaHarris @JoeBiden and only 40 days until you, my dear @KamalaHarris, become the first woman Vice President ofâ€¦ https://t.co/3aiNSGtczk"
Longla20,@KamalaHarris @JoeBiden And you'll be VP!
TPostman5,@KamalaHarris @JoeBiden @HouseGOP @HouseDemocrats #USA  Trump take a Phone call Kim Jong Un ! This asks Trump how mâ€¦ https://t.co/sAvdkjAjxR
Nasty_Woman_PhD,@KamalaHarris @sm_gaines @JoeBiden https://t.co/Ig4Wgq1uq9
luisdia76242339,@KamalaHarris @JoeBiden I don't think so!
theeOGjase1,"@KamalaHarris @JoeBiden Remember, if your job got outsourced to China between 2008-2016 it was more than likely joeâ€¦ https://t.co/jzbOaudRMH"
allrathereasy,@KamalaHarris @JoeBiden We cannot wait ğŸ‘
LaurieB33375397,@KamalaHarris @JoeBiden And there are now 126 people that need to be held accountable for their actions by puttingâ€¦ https://t.co/acObyOV0IS
elhombrelibre1,"@KamalaHarris @WashYourHands55 @JoeBiden But don't forget this. You become the first woman Vice President, the firsâ€¦ https://t.co/wHBWjdiYui"
Tracyej_,@KamalaHarris @JoeBiden And you VICE PRESIDENT!!!!! #Myvicepresidentlookslikeme
StevanBolton,@KamalaHarris @JoeBiden Less than a thousand hours now (932 &amp; 58 minutes to be precise LOL) ;)
KenskiSuzy,"@KamalaHarris I'm retired, disabled &amp;in a house that only the Ugly House people will consider to buy. Water heaterâ€¦ https://t.co/Z2Cv6BNVxp"
DonaldP78158698,"@KamalaHarris @JoeBiden 47th. If you think the orange imbecile won't resign so Pence can pardon him, you're delusional."
cfmreggae,@KamalaHarris #mondialists https://t.co/pCi6AwAcju
SharleneLustig,@KamalaHarris @JoeBiden CAN'T WAIT!!!!!
niglefischer,@KamalaHarris @JoeBiden To ALL America Open your eyes Thank you.  Nancy Pelosi  Joe Biden  Obama  Kamala Harris  Deâ€¦ https://t.co/i5eDNYtm2Z
FangFan62,@KamalaHarris @JoeBiden Not soon enough!  BTW PLEASE we need some sort of reassurance that the lawsuits will fail &amp;â€¦ https://t.co/zU1ghPmYxR
joeg1117,@KamalaHarris @JoeBiden https://t.co/aYU05CULJp
WestCoastGadfly,@KamalaHarris @JoeBiden https://t.co/NwfVSJ0p0E
ApeGator,@KamalaHarris @JoeBiden https://t.co/mIgR5K6EAd
rhtaran,@KamalaHarris What about when their experience is all corruption?
Shadowpagan,@KamalaHarris @JoeBiden Now I know why her eyes are so messed up. Cuz she's high on something. ğŸ¤£ğŸ¤£ğŸ¤£ğŸ¤£ğŸ¤£ğŸ¤£ğŸ¤£
p14228170,@KamalaHarris @JoeBiden https://t.co/4E1jOCdOAP
tsnyder4208,@KamalaHarris @JoeBiden Get your knees and hair ready for Joe......
lexluthertwin,@KamalaHarris @JoeBiden MVP
Mikedawson0101,@KamalaHarris @ladd_krista @JoeBiden And you the President of the Senate.
GimenezsergioJr,@KamalaHarris https://t.co/419vHcjcsA
KeehNicole,@KamalaHarris @JoeBiden This is hilarious!
kymber2000,@KamalaHarris @JoeBiden Thank God!!!!
tarektoverso,@KamalaHarris @JoeBiden Can't we speed up the time?
HillTownTrader1,@KamalaHarris @JoeBiden FRAUD
daps_ample,@KamalaHarris @JoeBiden https://t.co/OX0JRbxmfA
HypocrisyFools,@KamalaHarris @JoeBiden no in a eternity
Edwardmadsen16,@KamalaHarris @TIME @JoeBiden Should be Donald J Trump you not Worthy
DaniAngeldani27,RT @mike_wanaoni: @KamalaHarris @JoeBiden How Hitler seized power in Nazi Germany: 1. Create a crisis. 2. Demonize opponents. 3. Declare aâ€¦
CWbis,@KamalaHarris @JoeBiden â€œStillâ€ 40 days. How much more damage can #DodgerDon inflict on America and the world in these 6 weeks?
Erinmat81855855,RT @someknew: @KamalaHarris Make Trump feel better and tell him that has been labelled #LoserOfTheYear by Europe's biggest news magazine Deâ€¦
2020stand1,@KamalaHarris Affordable housing should mean adequate pensions wages indexed to broad economic growth this is the eâ€¦ https://t.co/uUyifC1pr8
BlueBunnyhoppin,@KamalaHarris @JoeBiden I am seriously beginning to wonder about this? With the House Republican TRAITORS and theirâ€¦ https://t.co/CmwACJPlbW
_ChrisBlunden,@KamalaHarris @TIME @JoeBiden You deserve this as much as Obama deserved the Nobel Peace Prize!
CynthiaKeifer,@KamalaHarris #myvotewasstolen
darby_bartley,@KamalaHarris @JoeBiden https://t.co/hI1HSOFvBn
JoktanKiprotich,@KamalaHarris @JoeBiden And you being second in command!!What a beauty.
2AATKINS,@KamalaHarris @JoeBiden If @realDonaldTrump would have just told America the truth in March how deadly coronavirusâ€¦ https://t.co/UFHVpKwx8H
evafossxx,RT @mike_wanaoni: @KamalaHarris @JoeBiden How Hitler seized power in Nazi Germany: 1. Create a crisis. 2. Demonize opponents. 3. Declare aâ€¦
jbpribanic,@KamalaHarris @TIME @JoeBiden Peopleâ€™s Person of the Year: Essential Worker @TIME
laurendianespec,"@KamalaHarris @JoeBiden HIP HOORAY for Both.  President Elect Biden, and Vice President Harris.  We need you both."
ZikiShadung,"@KamalaHarris @JoeBiden Americans can't wait any more, particularly because DUMB TRUMP has elevated Biden /Harris Win even more ğŸ¦…ğŸ¦…ğŸ’–ğŸ’–"
JRAMONBLANCO,@KamalaHarris @TIME @JoeBiden The TREASONOUS TRAITOR current POTUS will sat it was â€œriggedâ€ just watch!!! ğŸ¤¦â€â™‚ï¸
sjkeck06,@KamalaHarris @JoeBiden ğŸ˜‚ğŸ˜‚ğŸ˜‚ğŸ˜‚ğŸ˜‚ğŸ˜‚ğŸ˜‚ğŸ˜‚ğŸ˜‚ğŸ˜‚ #nevermypedo
Deidre14061,@KamalaHarris @JoeBiden Cant wait ğŸ˜Š
ClariceYates16,@KamalaHarris @JoeBiden https://t.co/WMjDNEyjzP
bjpoliticalwd,@KamalaHarris @JoeBiden What you think
AlexanderMovie1,@KamalaHarris @TIME @JoeBiden Well earned!!!!
VitaFitzpatri13,@KamalaHarris @JoeBiden He must excuse himself!
DianaKe21027499,@KamalaHarris @JoeBiden Seems like too long to go with Trump corruption still going on.
SteveACooper,@KamalaHarris @JoeBiden https://t.co/Ul4Bwx34uo
_nik_nik_b,@KamalaHarris Tuning in God bless you Madam VP Kamala Harris ğŸ’™ğŸ™ğŸ¾ğŸ‡ºğŸ‡²ğŸ’¯
marius_woodman,@KamalaHarris Baby listen. The solution to those in need aren't what you been briefed on as a fix to suffering peopâ€¦ https://t.co/MbQUo7q8pq
DonJohnson76,@KamalaHarris @JoeBiden You have a great imagination.
atres_,@KamalaHarris @TIME @JoeBiden What you guys do again? Create the covid vaccine? Or organize the biggest strike in tâ€¦ https://t.co/97aryR3wd2
Natalie_Vukson,@KamalaHarris @JoeBiden https://t.co/DEHjTFk7x8
MianMiththoo,@KamalaHarris @JoeBiden InshaAllah!ğŸ˜Š
o_tilee,@KamalaHarris @TIME @JoeBiden You are a dictator in training. You put thousands of black-Americans in prison. You cheated. GFY.
sportsfounder,@KamalaHarris @JoeBiden I hope you will create a new startup visa! Talent as I always say is the new Oil.â€¦ https://t.co/0sbT3SOg0R
Colton92994859,@KamalaHarris @JoeBiden And the shortest sitting president due to the major corruption throughout the socialist Demâ€¦ https://t.co/K1HJ0kdzX9
LauraLouUSA,"@KamalaHarris @JoeBiden Really?   Q: Then why haven't you resigned your Senate Seat, #CorruptKamala?   A: Because yâ€¦ https://t.co/YCNrjipclS"
JasonWa66303209,@KamalaHarris @JoeBiden Good.
gregory_kessell,@KamalaHarris @TIME @JoeBiden Interesting timing with the announcement of the 4th Muslim nation normalizing relatioâ€¦ https://t.co/bxIaEVp1Vz
ChooberD,@KamalaHarris @JoeBiden Can't wait to get started doing nothing!
jlc121212,@KamalaHarris https://t.co/j23BLnwk6X
TYRONE_FROM_ATL,@KamalaHarris @JoeBiden https://t.co/xzxjbZFN3X
KollerRm,@KamalaHarris @JoeBiden Lol sure ok. Most likely going to jail for the kick backs he was getting from china and the Ukraine from his kid.
BirambiDona,@KamalaHarris @TIME @JoeBiden so well deserved!ğŸ¥°ğŸ¥³ğŸ¥³ğŸ¥³ğŸ¥³ https://t.co/wJl0VaYvML
RODSMITHSON,@KamalaHarris @JoeBiden Then resign your senate sear if you believe that?
ugaso2010,@KamalaHarris @seagal_lori @TIME @JoeBiden Congrats.
SgtDad,@KamalaHarris @JoeBiden Only in his mind...  #StopTheSteaI
lmdaczka,@KamalaHarris @JoeBiden Itâ€™s going to be a long 40 days !
vickiliiu,@KamalaHarris @JoeBiden Cant come fast enoughğŸ˜Œ
purblkness,@KamalaHarris @JoeBiden I cant wait til Jan 20th so we can finally get someone with common sense back in the officeâ€¦ https://t.co/O6iHKDvvp5
flyonwallx002,@KamalaHarris @JoeBiden You attending Trumps inauguration?
RastaBlues7,@KamalaHarris @JoeBiden So can we change 'defund the police' to just plain old 'fuck the police'? It's snappier....ğŸ¤”
xotinabelle,@KamalaHarris @JoeBiden And 39 until Pence does. Watch. #BidenHarris2020 #dumptrump2020
MikeWil74382706,@KamalaHarris Step down from your senate seat if youâ€™re confident in becoming Vice President. You wonâ€™t because youâ€¦ https://t.co/vnD7aYgwLI
KCalahane,@KamalaHarris @JoeBiden We canâ€™t wait!!! We need a time machine to accelerate this
hotgrandma3939,"@KamalaHarris YES WE NEED EXPERIENCED PEOPLE IN THERE. So, letâ€™s put the ACTUAL people who WON the 2020 election -â€¦ https://t.co/zmZlsJVeW3"
boy777_mario,@KamalaHarris @JoeBiden Yes!
ar_fi222,@KamalaHarris #SanctionTurkey #SanctionAzerbaijan #RecognizeArtsakh #TurkeyOutOfNATO
Gesparza0507,@KamalaHarris @JoeBiden GET ITğŸ”¥ğŸ”¥ğŸ”¥ğŸ”¥ğŸ”¥ğŸ”¥ğŸ”¥
BetsIsArt,@KamalaHarris @JoeBiden Canâ€™t be soon enough until we get both of you to lead us out of pure hell
BearExtracts,@KamalaHarris @JoeBiden And 30 days after that you become 47th
ChuckKimmerle,@KamalaHarris @JoeBiden Feels like an eternity
fatalcharm98,@KamalaHarris @JoeBiden https://t.co/61Id5x4uMI
nancyabell,@KamalaHarris @JoeBiden https://t.co/u3v59cGaXu
Angela201045315,@KamalaHarris @JoeBiden Keep dreaming
meyers86d45,@KamalaHarris @JoeBiden Maybe we should just tell people that Covid-19 is a bio-weapon brought in by terrorists.  Mâ€¦ https://t.co/6lsVI6xYu2
TruePat10906538,"@KamalaHarris ELECTORAL COLLEGE WIN OR NOT, BIDEN AND HARRIS WILL NEVER BE CONSIDERED A LEGITIMATE PRESIDENT AND VIâ€¦ https://t.co/iKsLA4wf7u"
Janicej92515227,"@KamalaHarris I prefer MY type of family, not your type. Sorry! Weâ€™re old fashioned!"
itsmeshaniceee,@KamalaHarris @JoeBiden Lord help us all.
DaveC01983480,@KamalaHarris @JoeBiden https://t.co/QCrzud0wNs
FosteSherman,@KamalaHarris @JoeBiden Call your states attorney generals regarding the amicus briefs being filed for Trump. Loseâ€¦ https://t.co/rIedX2rHG8
Freedom19006201,@KamalaHarris @JoeBiden You sound silly!
Sudaredux,@KamalaHarris This entire country is so ready for competency! Thank you for bringing reality back to our country! Wâ€¦ https://t.co/wmFIRMH9zP
Steveph87213967,"@KamalaHarris @JoeBiden My partner has passed away, he used to work at Skunk Works &amp; Lockheed missals in space whicâ€¦ https://t.co/PgFbg2qgkz"
HES_th_1,@KamalaHarris Keep me in my current high rental!  Now I can no longer pay my rent. Unemployment ended and Iâ€™ve no HELP!
geffkennedy,@KamalaHarris F4F
mark37201033,@KamalaHarris @JoeBiden And a fabulous Vice President ğŸ’•
LoneEagal21,@KamalaHarris Knock it off acting like you care for the Veterans 17 plus years in Public office and you haven't donâ€¦ https://t.co/RG19oDJgAV
FXGuy9,@KamalaHarris @TIME @JoeBiden you do realize its a participation award... Time is nothing these days
GrampAntifa,@KamalaHarris @JoeBiden I feel a little bad just wishing the holidays were over so we could get to Jan 20
MikeWil74382706,@KamalaHarris Diablo
dswartz22,@KamalaHarris @TIME @JoeBiden Here...I fixed it https://t.co/xNMXoztmdZ
MrDewy2,@KamalaHarris @JoeBiden You know that O'l saying??  Don't count your chickens??
Morgan59849698,@KamalaHarris https://t.co/c6Jqm7C9QE
Le_Crawf,"@KamalaHarris YES! And you being elected Vice-President and Joe Biden, President are the best evervChristmas gift Iâ€¦ https://t.co/Uc1ekfNVdC"
WandaRossToni1,@KamalaHarris @JoeBiden And it can't come too soon....
darby_bartley,@KamalaHarris @JoeBiden Is that what Joe's fortune  cookie said?
GWade70035380,"@KamalaHarris @JoeBiden ""Only""."
Nicole_Knitter,"@KamalaHarris @JoeBiden Still havenâ€™t resigned your senate seat, huh?"
tammyellis1985,"@KamalaHarris @TIME @JoeBiden Congrats great moment, love youâ™¡"
jeff_ucker,"@KamalaHarris @JoeBiden So, the plan is to wait until he is officially inaugurated as POTUS before the Dems try to remove him?"
WaltonCharles9,@KamalaHarris ğŸ’–
KevonReed1,@KamalaHarris Yes! Salute to our veterans
SophiaK25856240,@KamalaHarris @JoeBiden Counting the minutes.
LeesaKopperud,@KamalaHarris @JoeBiden Keep dreaming ho...it's never going to happen. Hope you and Crooked Jor enjoy Gitmo!!
Yonis77674448,@KamalaHarris We Africans in Sweden are very proud of you Kamala. I predicted that you would have a good leadershipâ€¦ https://t.co/N3R5Oudf6R
DeplorableTex14,@KamalaHarris Don't think being on your knees for advancement is gonna work well in that field! https://t.co/AW8PoGq2vS
pas6174913,@KamalaHarris @TIME @JoeBiden @KamalaHarris @JoeBiden Well deserved
tina_carol73,@KamalaHarris @JoeBiden It's something to look forward to.
TWEP21,@KamalaHarris @JoeBiden https://t.co/5I3tZieLN6
Janicej92515227,@KamalaHarris I canâ€™t take for certain anything  or anyone you support.
Marbill19,"@KamalaHarris @TIME @JoeBiden You and president elect deserve it,speaking of peace and unity and not division likeâ€¦ https://t.co/F0yytfksXK"
SueJone98592772,@KamalaHarris ğŸ« hoe
SheRoarsLoud,@KamalaHarris @JoeBiden Such Delusion!
davidpneff,RT @mike_wanaoni: @KamalaHarris @JoeBiden How Hitler seized power in Nazi Germany: 1. Create a crisis. 2. Demonize opponents. 3. Declare aâ€¦
LB09696149,@KamalaHarris We'll see
Miguel43035403,@KamalaHarris Muy bien pensado eso mucho mejor para atender mas a concienza a quien lo necesita dandole rapida atenâ€¦ https://t.co/jKNZgz05ce
lukewal95336118,@KamalaHarris Hereâ€™s your your new affordable housing at gitmo https://t.co/Axn7ILyhYH
CarolinaE1962,RT @KarineOmry: @KamalaHarris @JoeBiden Please make a clear statement against the 4 upcoming federal executions before #InaugurationDay2021â€¦
gregory_kessell,@KamalaHarris @TIME @JoeBiden There is no reason you should have been selected. None. Perhaps after you and Joe accâ€¦ https://t.co/nFQ1UNRRuk
unalalbayrak58,@KamalaHarris @JoeBiden HayÄ±rlÄ± olsun baÅŸarÄ±lar dilerim. TÃ¼rkiye ile iliÅŸkilerinizi sÄ±cak tutun baÅŸarÄ±nÄ±n anahtarÄ± biziz ğŸ¤²
davidurraca3,"@KamalaHarris Why dems still act like they are in the campaing, you were already elected."
SteveBe78473099,@KamalaHarris @JoeBiden No he's not.  He's going to jail
BlacDiamond1982,@KamalaHarris @JoeBiden Hopefully
555_555_5555,@KamalaHarris @JoeBiden The beginning of the end
jeffarrington46,@KamalaHarris @JoeBiden 40 days until we all start suffering
AI20008,@KamalaHarris @JoeBiden What a long 40days for waiting.
dreaminn,@KamalaHarris @TIME @JoeBiden Enjoy your 5 minutes of fame!!!! Lol
baum_reinhard,@KamalaHarris A good start and success in everything!  Greetings from Germany!
angeljenny,@KamalaHarris @TIME @JoeBiden Powerâ¤ï¸
egvogel06,@KamalaHarris @JoeBiden Bahahaha
luvthegrands,@KamalaHarris @johnpavlovitz @JoeBiden https://t.co/F1A018PjvH
moosestreet33,@KamalaHarris @JoeBiden https://t.co/XN1lzO4W7o
Reality_Kate,@KamalaHarris @SenFeinstein I urge you to pass #HR4995 and #HR4996 as a part of the end-of-year package to help addâ€¦ https://t.co/H5q5dO3X7z
Live__On,"@KamalaHarris @JoeBiden 40 days canâ€™t come sooner, and to still think that you guys will come in and immediately heâ€¦ https://t.co/r6tjCx5tZB"
SPrestemon,@KamalaHarris @JoeBiden Canâ€™t come soon enough.
JohnRNichols2,@KamalaHarris @JoeBiden I have a friend who found out that his parents voted for Biden. He is so pissed that heâ€™s nâ€¦ https://t.co/ED3YccTXaP
DaDerekTa,@KamalaHarris @finneas @JoeBiden Cheats
Ginabran,@KamalaHarris @JoeBiden https://t.co/Ark6epdDIr
PuddingJoe,@KamalaHarris @JoeBiden Is that a warning to hide our daughters? Old Sniffer is coming to town!
MsMightKnow,@KamalaHarris @JoeBiden https://t.co/6lCa40Fxaa
FosteSherman,@KamalaHarris @JoeBiden 960 hours. To long. ğŸ˜”
_TruthSeekerUSA,RT @mike_wanaoni: @KamalaHarris @JoeBiden How Hitler seized power in Nazi Germany: 1. Create a crisis. 2. Demonize opponents. 3. Declare aâ€¦
trohaz77,@KamalaHarris @JoeBiden Hahahahahahaaaaaahahahahahahahaaaaaaaaahahahahahahahaaaaaaaaaaaa funny.
IAMWAID,@KamalaHarris @JoeBiden We'll see
tomcapps1,@KamalaHarris @JoeBiden And 120 days after that until he resigns because of health and you get what you want. The râ€¦ https://t.co/viC4oRkiCW
thelastpinkcar,@KamalaHarris @JoeBiden Why is this gap so long? It should just be January 2.
DarklighterB,@KamalaHarris @JoeBiden Canâ€™t come soon enough.
Andrew56637145,@KamalaHarris @JoeBiden Kamala Harris and Joe Biden are both empty suit puppets.
brave_etienne,@KamalaHarris Thank you @kamalaHarris to remind us about how to avoid the spread of @Covid19
whousmanghani,@KamalaHarris The fact that you refuse to react in the sitting President's tantrums gives me more confidence and hope.
RickCianflone,@KamalaHarris @JoeBiden Not so fast https://t.co/pgdWV8Gw9B
diceman89,@KamalaHarris Half a person.
TheReaIDrHouse,@KamalaHarris @JoeBiden https://t.co/lQkE4YV9IY
KevinJosephKel1,@KamalaHarris America is in good hands when president elect Joe Biden and vice president elect kamala Harris are sworn in in January
LorelayMainea,@KamalaHarris @JoeBiden ğŸ‘ğŸ˜¡
LindaMccardel,@KamalaHarris the Benghazi butcher and sociopathic liar Rice
writer1942,@KamalaHarris @JoeBiden Let's hope that's soon enough.
jennyp1970,@KamalaHarris @JoeBiden If that is the case when will you be resigning your senate seat?  Very telling Kamala.
thatrandomfrog,@KamalaHarris While I generally support your team I have noticed that it seems that some of the positions have beenâ€¦ https://t.co/iyfXxNQ9bO
Mcmel15,RT @ToonsBlack: @KamalaHarris @JoeBiden Please help us. #StimulusChecksOrStrike @senatemajldr https://t.co/cr6XimtPSg
ThisisSkyStars,@KamalaHarris é‡ç£…ï¼Œå½­åšç¤¾åŒ—äº¬åˆ†ç¤¾å¥³è®°è€…è¢«æŠ“https://t.co/ipOtL5alLo
jamisonson2,@KamalaHarris Love
DANIMAL992,@KamalaHarris @JoeBiden This tweet is useless and divisive. Letâ€™s hear some plans. You should be held to the highest standard idgaf
Phyllis36237317,@KamalaHarris @JoeBiden Canâ€™t wait!  Happy holidays to you both and your families.
SamLace65948404,"@KamalaHarris @TIME @JoeBiden You only got the nod because the sycophantic TIME editors gave it to you, the peopleâ€¦ https://t.co/RTVEpyyPrA"
Doran2Robbie,RT @mike_wanaoni: @KamalaHarris @JoeBiden How Hitler seized power in Nazi Germany: 1. Create a crisis. 2. Demonize opponents. 3. Declare aâ€¦
Fastamu,@KamalaHarris @JoeBiden And I am definitely counting and wishing it were sooner  like yesterday even
GraciousTongue,@KamalaHarris @JoeBiden Even crooks surely have dreams.
jgionova,"RT @MikeCrouse10: @KamalaHarris @JoeBiden How? He was #notelected and heâ€™s #NotMyPresident if he was prove it. Let every bite be audited, iâ€¦"
michelskaren,@KamalaHarris @JoeBiden Please God let these 50 days fly by.
saileshrawat3,@KamalaHarris @TIME @JoeBiden ğŸ‘
Marklee84072361,@KamalaHarris Trump is a businessman..NOT A LEADERğŸ‘Œ
Apurva68412283,@KamalaHarris @JoeBiden 40 days will fly by in a minute
JariMahawa,RT @JeffreyGuterman: @KamalaHarris @JoeBiden Please follow. I am hosting an Inaugural Celebration via #Periscope on January 20 at 7 PM ET.â€¦
Aliciaprideand,@KamalaHarris Exactly I'm one of those people
PuddingJoe,@KamalaHarris @TIME @JoeBiden Time must be completely out of people to nominate?!
GGFrangelico,@KamalaHarris Looks like you didn't hitch your wagon to a star this time.
DeerhunterJack,@KamalaHarris https://t.co/HMjftn2pbt
1ennabaker,@KamalaHarris oh Biden my sweety presidentğŸ˜
StonedMoon1,@KamalaHarris @TIME @JoeBiden #Personoftheyearfixed https://t.co/rSoVXrHetG
SR3838,"@KamalaHarris USA is a corporation ""Act of 1871"". McConnell is protecting Politian's from liability for CV sicknessâ€¦ https://t.co/WrPzAy3WPA"
Hniohos,@KamalaHarris The fact that you refuse to react in the sitting President's tantrums gives me more confidence and hope.
ZiphoGc,@KamalaHarris @Kgatishi_Lamola @JoeBiden 40 days until you go back to your old job
Fluff_fury,@KamalaHarris @JoeBiden https://t.co/t2FcETl0XL
god_oneday,@KamalaHarris @JoeBiden 40 Days 40 night. I can wait glory.
Vinctum1,@KamalaHarris @JoeBiden Nonsense.
JRN77023,@KamalaHarris @JoeBiden How many before you &amp; your socialist klan kill him off and attribute his death to the Chinese virus?
tr_lincoln,@KamalaHarris Thank god with all that going on you and Joe didnâ€™t have to bother campaigning
SarahHa54662448,@KamalaHarris @JoeBiden Welcome to the craziest days ever !
daniel12conn,@KamalaHarris @JoeBiden Feels like 4 yearâ€™s. Canâ€™t wait. Merry Christmas
matfow28104,@KamalaHarris @JoeBiden Can hardly wait. https://t.co/IieJfSBSE7
jannysnamaste,RT @spacejunky69: @KamalaHarris @TIME @JoeBiden I hear that Guantanamo Bay is just lovely this time of year https://t.co/k29wAzRDmu
ErmilioDe,@KamalaHarris @TIME @JoeBiden Amazing! https://t.co/nSAtKXctkP
dreaminn,@KamalaHarris @JoeBiden Nope!!
DrCABerry,@KamalaHarris @JoeBiden https://t.co/7wBvYXPCDC
renoguy69,"@KamalaHarris Now you want to help are vets, what a two-face."
sandyhockey32,@KamalaHarris @JoeBiden UGH.....................;0
SleeepyJ0e,@KamalaHarris THE FAKE MEDIA SAYING THERE IS NO EVIDENCE OF FRAUD ARE THE SAME ONES THAT LIED SAYING THERE WAS NO Eâ€¦ https://t.co/ujihEeZWHs
GWPJUSTBELIEVE,"@KamalaHarris @JoeBiden PRAISE GOD! I know it was a long haul, but when GOD ordains something nothing can stop it.â€¦ https://t.co/gS7CaJNY5A"
KourosMohit,@KamalaHarris @JoeBiden Forty days and forty nights?
tr_lincoln,@KamalaHarris Thatâ€™s what caused the last housing crisis
GGFrangelico,"@KamalaHarris By experienced you mean 48 years of doing nothing but graft, payola and thievery?"
JillisaCantrell,"@KamalaHarris @JoeBiden Will be one of the most tragic, sad days in US history."
AMalik25,"@KamalaHarris @JoeBiden 46 days to long?  Val demmings,karen bass as u.s attorney general?"
DucatiHaavard,@KamalaHarris @JoeBiden Looking forward to replacing the goddamn clown Who is there now ğŸ‘
KneeCow,@KamalaHarris @JoeBiden ...in your dreams.
JValkarie,@KamalaHarris @TIME @JoeBiden hahahaha what a joke .... sad that so many are clueless
CarrieQuite,@KamalaHarris @JoeBiden Cannot wait! https://t.co/EzexMjwIpK
BugsyGuire,@KamalaHarris @JoeBiden A lot can happen in 40 days.....
DoneWith45,@KamalaHarris @JoeBiden And you become MVP! ğŸ’™ğŸ‡ºğŸ‡¸ğŸ˜ŠğŸ˜
donnak831,@KamalaHarris @MariaMisilewich @TIME @JoeBiden Well deserved! I give you much respect for how you both have handledâ€¦ https://t.co/jz7fYggQGE
izwwaka,@KamalaHarris I love you Kamala so much..I wish one day we will  meet
DavidCrutcher14,@KamalaHarris @JoeBiden Can't be soon enough #BidenHarris2020
dobreva_jivka,@KamalaHarris @TIME @JoeBiden Hello.    Beautiful   picture.    PRIZIDENT   BIDEN  JOE   in    KAMALA.  I  like  it  all.
HodgepodgePDX,@KamalaHarris @colleen_benn @JoeBiden https://t.co/w7DVm0KrRI
Rothschild1500,@KamalaHarris ğŸ˜˜
darby_bartley,@KamalaHarris @JoeBiden https://t.co/FdoFgkgGUL
sean_antrim,@KamalaHarris Just make sure there is no medicare for all.
paytonarose,"@KamalaHarris @TIME @JoeBiden congratulations, but while youâ€™re accepting this award, Brandon Bernard lost his lifeâ€¦ https://t.co/0iQh9Pcugm"
NICOLAS22326396,@KamalaHarris GREETING MY VICEPRESIDENTE KAMALA
BellaRisttaa,@KamalaHarris @JoeBiden https://t.co/4XprIOWpen
nowthenzen,"@KamalaHarris @tenajd spread the word, tens of millions of Americans can't afford food or rent let alone give $$ toâ€¦ https://t.co/PxgzrGpnY9"
OmugaBash,@KamalaHarris Full video link below https://t.co/zSwE9jpEJU
anotherjoshua,@KamalaHarris Healthcare for all
LJDzialo,@KamalaHarris @JoeBiden You become our MVP -Madam Vice President!!!
DcCommunicator,RT @AbuRaziel: @KamalaHarris @JoeBiden 40 days until Donnie gets a taste of his own medicine - EVICTION! https://t.co/bxDHHAMfD3
Ashbash479,@KamalaHarris @JoeBiden PERIOD.
BarryHeightJr,@KamalaHarris ğŸ™ğŸ»â¤ï¸Can someone help us please! I am a single father of 2. I just claimed my last available unemploymâ€¦ https://t.co/FQd9NbJihR
angela_rashida,"@KamalaHarris The government needs to re-define what ""affordable"" is and it's entire understanding of poverty. Thisâ€¦ https://t.co/m3HTtqbPyn"
kaiyukenn,@KamalaHarris #UPDATE The new bipartisan plan of $930 billion stimulus would include:  the 160$ bill for state &amp; loâ€¦ https://t.co/7zELld0ErL
gta18480597,@KamalaHarris @JoeBiden Cheaters ğŸ˜‚ğŸ˜‚ğŸ˜‚ğŸ˜‚ğŸ˜‚ğŸ˜‚
2067GEMINI,@KamalaHarris First we have to be able to pay for housing
JIMBAUR,@KamalaHarris @JoeBiden https://t.co/ctKNpqsWRL
FrisellJake,@KamalaHarris We need secretary of defenses who donâ€™t hold a position on the board of Raytheon.
RGooliani,@KamalaHarris Caring for our veterans? What are you some kind of a liberal?
LaurieS83,@KamalaHarris @JoeBiden And you will become our Vice President!! ğŸ‘ğŸ‘ January 20th can't come soon enough!!
Asdf78025226,"@KamalaHarris Wether you like Trump or Biden, God selected Trump to carry out his plan, turn around is imminent, doâ€¦ https://t.co/15jP1VKVBU"
talkscheep724,@KamalaHarris @JoeBiden Youâ€™re delusional
BadBANDITGames1,@KamalaHarris https://t.co/yaEspARUjr
angelof31725676,@KamalaHarris I want trump and you not bidden sorry.
fury0810,@KamalaHarris @JoeBiden Too long with the Orange Menace hanging around
_nik_nik_b,@KamalaHarris @JoeBiden Yessss can't freaking wait ğŸ’™ğŸ’™ğŸ™ŒğŸ¾ğŸ™ŒğŸ¾âœŠğŸ¾âœŠğŸ¾ğŸ‡ºğŸ‡²ğŸ‡ºğŸ‡²ğŸ”¥ğŸ”¥ğŸ’¯ğŸ’¯
MeShapland,@KamalaHarris @JoeBiden Are you also counting days before you become President?   We all know Joe was the only Demoâ€¦ https://t.co/DmW2JzanSD
GaldamezRachel,@KamalaHarris @JoeBiden It canâ€™t come fast enough
ARe13998078,"@KamalaHarris d""The church that will enter the Kingdom of Glory is one whose Relationship with The LORD is very cloâ€¦ https://t.co/UPqaO7bFZG"
patel_yami,@KamalaHarris ğŸ‘
detail_dave,@KamalaHarris @JoeBiden Won't happen
PEACHYYY_PJM,@KamalaHarris Early &lt;3 https://t.co/5MVVC40SBc
detail_dave,@KamalaHarris @JoeBiden https://t.co/GB4yNCM9q1
HoolieJung,"@KamalaHarris @JoeBiden I hope so, but over half the House and over 20 AGs are trying to overturn the election. Ifâ€¦ https://t.co/PlutDK0d6x"
BarbraBuick,@KamalaHarris @JoeBiden Canadians are so happy. No more attacks by Trump.
DutchJon2,@KamalaHarris @JoeBiden Youâ€™ve taken up comedy now?
jannysnamaste,RT @Welswe1: @KamalaHarris @TIME @JoeBiden A left wing magazine selecting two left wing fools over someone that has received multiple nominâ€¦
NutleyGirl5,RT @ProfessorBerman: @KamalaHarris @JoeBiden Do you think America can hold on that long? (Serious question.)
normaenriquezg1,RT @GrahamAllen_1: @KamalaHarris @JoeBiden What a joke ğŸ˜‚ğŸ˜‚ğŸ˜‚
RogerSc09414683,@KamalaHarris @TIME @JoeBiden Come-on give me a break!ğŸ™
DcCommunicator,RT @JeffreyGuterman: @KamalaHarris @JoeBiden Please follow. I am hosting an Inaugural Celebration via #Periscope on January 20 at 7 PM ET.â€¦
commons42864439,@KamalaHarris @JoeBiden Lies!!
DavidMichel13,@KamalaHarris @TIME @JoeBiden What a joke this is
nora22000,@KamalaHarris @JoeBiden What's the 90-Day Plan for closing down for-profit prisons and outlawing them? This shouldâ€¦ https://t.co/u9rZzeb8Jv
chaqoodotcom,@KamalaHarris @JoeBiden That's one big dreams... likely to remain just that! Dominion is just not enough!
wrobs13,@KamalaHarris @JoeBiden Not my PEDO PREZ
_StandUpNow,"@KamalaHarris @JoeBiden I canâ€™t wait, we need @JoeBiden now."
JoshuaGoji,@KamalaHarris @JoeBiden And you become the first woman Vice President of the United States AND the first woman of câ€¦ https://t.co/zrapoaAKGC
ellicy3,@KamalaHarris @JoeBiden We canâ€™t wait!!! Trump became very boring and tiring
isaiah431sheloh,@KamalaHarris @TIME @JoeBiden Iâ€™m glad I have many women to look up too. Just not her.
LorinGuy3,@KamalaHarris @TIME @JoeBiden please reverse everything the Trumpster Fire did like he never existed.
bobbymac457,RT @JeffreyGuterman: @KamalaHarris @JoeBiden Please follow. I am hosting an Inaugural Celebration via #Periscope on January 20 at 7 PM ET.â€¦
Kaur02941410,@KamalaHarris ms kamala you are indian we hope you will support farmers say something so we will believe you are with indian farmersğŸ™ğŸ™
ranzivino22,@KamalaHarris @JoeBiden Make sure you give him a GPS when he gets inside the White House so he knows where he's going
HoltenShelly,@KamalaHarris @JoeBiden Canâ€™t come quick enough. That other Murdering Monster must go!
TooDistantLover,"@KamalaHarris @TIME @JoeBiden Dear, Kamala Harris, the worldwide movement around George Floyd, is ""Person of the Yeâ€¦ https://t.co/ujEQaGa1yr"
EileenCumming20,"@KamalaHarris @Susan_M65 @JoeBiden It's just taking forever, Madae vice-President Elect!!  Can't wait!"
roselene_joseph,@KamalaHarris @JoeBiden Make sure that Trump and family have a restraining order 10 miles away from the White house.
savedeckstar1,RT @vinod_d007: @KamalaHarris @JoeBiden Only 40 days until Donald Trump is out of the White House! ğŸ¤ğŸ¤ğŸ¤
Ayjee15,@KamalaHarris @TIME @JoeBiden If Joe Biden said that covid can be spread by fart gas so everyone should be sure toâ€¦ https://t.co/ZgaW9SoBi9
CyberSafeUS2,@KamalaHarris https://t.co/6GfLeah5oy
BlackMenNetwor1,@KamalaHarris Congratulations! You did it.
daddy_wp,@KamalaHarris @TIME @JoeBiden Donâ€™t you think that the FIRST RESPONDERS should have been named?? Just saying they did risk their LIFE
anilgary,@KamalaHarris @JoeBiden A lot can happen in 40 days. Pray. Freedom is not free. Wish you a Merry Christmas
captsigma,@KamalaHarris @JoeBiden Not that weâ€™re counting! https://t.co/GcqlIaLLl3
OMEGAANON1,@KamalaHarris @JoeBiden ğŸ¤£ ğŸ¤£ ğŸ¤£ ğŸ¤£ ğŸ¤£
_nik_nik_b,@KamalaHarris @TIME @JoeBiden Yesssss congratulations Madam VP Kamala Harris and President Biden so well deserved Gâ€¦ https://t.co/m3JJSyieqE
ListenToThyself,"@KamalaHarris @JoeBiden And YOU, my dear Kamala, become the FIRST female Vice President! ğŸ‰"
goingsurfing12,"@KamalaHarris @JoeBiden I guess that makes you the Black Woman they picked for votes, not because you were the best PERSON for the job."
Sarabje64163006,@KamalaHarris @JoeBiden Meri PR karwa do ab to US main ğŸ˜‚ğŸ¤£ğŸ˜‚
shylynn__,@KamalaHarris @JoeBiden Then why havenâ€™t you given up your senate seat ğŸ¤”ğŸ¤”
jannysnamaste,@KamalaHarris @TIME @JoeBiden #JoeFrauden #KamalaFrauden
gardencr,@KamalaHarris I am so ready for the Biden-Harris Era to begin ğŸ‡ºğŸ‡¸
digitalspaz,"@KamalaHarris @TIME @JoeBiden Tabloid, should have been blocked by Twitter."
communismsuxx,@KamalaHarris @JoeBiden You ever going to respond to that meeting with BLM? Heard theyâ€™re waiting.
CossDill,@KamalaHarris Last chance to sign up for insurance with no cost controls it was written by Republicans. Remember thâ€¦ https://t.co/csSBOTC9km
DayDemocrat,@KamalaHarris @Meidas_Erin @JoeBiden You forgot about the Best Looking VP in American History.
tnelson759,"@KamalaHarris @TIME @JoeBiden I did not vote for you two , I Only stand with President Trump!!!!  Itâ€™s very obviousâ€¦ https://t.co/ZHAIHKq560"
DarrylGardner8,@KamalaHarris @JoeBiden How many days till the 47th ?
armstrong_rc,@KamalaHarris sh!t you should have seen 1861-1865 - this is nothing.
romylinka,@KamalaHarris @JoeBiden OMG!
JamieStarr319,@KamalaHarris @JoeBiden China is just one country that canâ€™t wait for you &amp; Biden to hand over America. ğŸŒˆ https://t.co/g7qgAcN4NI
BrendaPohl6,RT @BrendaPohl6: @KamalaHarris @JoeBiden in your dreams
william_larabee,@KamalaHarris @JoeBiden Without the 2 of you it will be great.
GregsToday,@KamalaHarris @JoeBiden ...and a real Justice Department.
DomariNolo1,RT @mike_wanaoni: @KamalaHarris @JoeBiden How Hitler seized power in Nazi Germany: 1. Create a crisis. 2. Demonize opponents. 3. Declare aâ€¦
sharibaleygirl,@KamalaHarris @JoeBiden Ainâ€™t happen..
BrendaPohl6,@KamalaHarris @JoeBiden in your dreams
BazMuhammadKak2,@KamalaHarris @JoeBiden Congratulation
CynthiaKeifer,@KamalaHarris @JoeBiden #myvotewasaffected
EDuB50738621,@KamalaHarris @JoeBiden Itâ€™s not soon enough. USA needs help NOW!!!
MikeCrouse10,@KamalaHarris @JoeBiden How? He was #notelected and heâ€™s #NotMyPresident if he was prove it. Let every bite be audiâ€¦ https://t.co/O2MkLBGs3H
CyberSafeUS2,@KamalaHarris @JoeBiden https://t.co/xO4vDuBcQl
Mohamed07362923,@KamalaHarris @JoeBiden Good luck  ğŸ‘ğŸŒ·
loveDbeach007,RT @fightfor46: @KamalaHarris @JoeBiden 40 Days in the Trump desert... Biden/Harris cannot come soon enough. https://t.co/eFdlzgsC1A
A_TasteOfTravel,@KamalaHarris @JoeBiden Hallelujah!!! It's been a long time coming!
LetsStartAgain3,@KamalaHarris @JoeBiden You mean CEO of the bankrupt corporation? ğŸ¤”
pluminsp,@KamalaHarris @JoeBiden Woo-hoo!
samueldandy5,@KamalaHarris @JoeBiden KAMALA THANKS FOR RE ASSURING US.PLEASE ONCE IN POWER WE NEED PEOPLE LIKE TRUMP AND HIS ALLâ€¦ https://t.co/NQ571jjKUd
anniemgc,@KamalaHarris @JoeBiden I can't wait for the madness of the current administration to end.
Marian31786450,@KamalaHarris @TIME @JoeBiden I certainly will not be buying that copy because I don't feel neither one of you belong on it
lance0419,@KamalaHarris @JoeBiden Please hurry!
JamesCr60944461,"@KamalaHarris Help the people that need help by no fault of their own, shocking to you ignore the facts. Please pull your head out"
Joehjr62,@KamalaHarris @JoeBiden Maybe...........
CPEStevenson,@KamalaHarris @JoeBiden Who wants to take bets that Kamala already has a jersey stitched up with #47 on it?
HadassahTipton,@KamalaHarris @JoeBiden Except during obamas attempt to destroy America by aiding isis or as he called the ISIL. HAâ€¦ https://t.co/sNoiHsGPEy
sunnymittra,"@KamalaHarris @JoeBiden This happens every 4 year, somebody get elected.  Give some rest to your twitter!"
XinWangAi2013,@KamalaHarris @JoeBiden In your dream.
Ready2Retire_,@KamalaHarris @JoeBiden There are some ignorant people here with these comments.  You will see (if they take officeâ€¦ https://t.co/8GRdj6PDyu
stateofblanc_,@KamalaHarris @JoeBiden I sincerely hope yâ€™all work with progressives and make real changes that this country so deâ€¦ https://t.co/iREhMbqt6i
fightfor46,@KamalaHarris @JoeBiden 40 Days in the Trump desert... Biden/Harris cannot come soon enough. https://t.co/eFdlzgsC1A
scottiller59,@KamalaHarris @JoeBiden Canâ€™t come soon enough x_x
Schmusekugel1,@KamalaHarris @JoeBiden Biden President? A good joke.
carolinetannous,@KamalaHarris @TIME @JoeBiden Congratulations
Dawgfan15,@KamalaHarris @JoeBiden May wanna check out the SCOTUS docket
yzk54yVxjwB0Bue,@KamalaHarris @JoeBiden Ø¥Ù† Ø´Ø§Ø¡ Ø§Ù„Ù„Ù‡ ØªÙƒÙˆÙ† Ø±Ø¦ÙŠØ³ Ø£Ù…Ø±ÙŠÙƒØ§
PaulyBowz,"@KamalaHarris @JoeBiden if indeed #Biden is inaugurated...  how long before you are POTUS?  3 days, or 3 weeks?"
JamieStarr319,@KamalaHarris @JoeBiden Oh the good olâ€™ days... you definitely â€œworkedâ€ your way to the top. ğŸŒˆ https://t.co/iJWB3qw12Y
lennie62711599,@KamalaHarris @JoeBiden Yes Maâ€™am. There is much to do. Once this ones gone. The real work begins. I am very happyâ€¦ https://t.co/HH22YVT6UO
gorgy_ann,@KamalaHarris @JoeBiden Yes and we canâ€™t wait to have you and him lead us the way we need our country to be led!â€¦ https://t.co/NmVjge41nH
MakeLaborGoAway,@KamalaHarris @JoeBiden Never going to happen.
TashTinl,@KamalaHarris @JoeBiden We are counting on you and with you!
zoegirl70,@KamalaHarris @JoeBiden Cannot wait
Nightwing55251,@KamalaHarris @JoeBiden We're all planning on singing the 12 days of Christmas when where in the final days right?
alijmd2,"@KamalaHarris @JoeBiden I'm Iranian but not #Muslim.The Iranian people don't choose Islam.  At birth,they are forceâ€¦ https://t.co/tcmxXpeVmE"
Tarzanboy80,@KamalaHarris @JoeBiden https://t.co/ZwYnEYmvoC
iroquix,"@KamalaHarris @JoeBiden For now its happiness, then it will be regret, then it will be hatred. A war is coming. Dumbasses."
MelanieMacLean9,"@KamalaHarris @JoeBiden It can't come fast enough, you'll definitely hear the whole world cheeringğŸ‰ğŸŠğŸŒğŸŒ"
enfosure,@KamalaHarris @JoeBiden ONLY??? God help us all!
HerlihyDebora,@KamalaHarris @JoeBiden And you become our Vice-President! ğŸ‡ºğŸ‡¸
EOf2020,RT @someknew: @KamalaHarris Make Trump feel better and tell him that has been labelled #LoserOfTheYear by Europe's biggest news magazine Deâ€¦
LyndaPole,@KamalaHarris @JoeBiden It seems that Iâ€™ll never get here.
LillyHankins,@KamalaHarris @JoeBiden Can't wait!
Ynot101,@KamalaHarris @JoeBiden I can't wait!!  https://t.co/HFCJdqo7mw
ejoovi,@KamalaHarris @JoeBiden Congratulations
RedHeadBecca42,@KamalaHarris @JoeBiden Yes!!!!
Autumisprime,@KamalaHarris @JoeBiden Youâ€™re worse then Hillary and thatâ€™s saying a lot.
Elizabe46225658,@KamalaHarris @JoeBiden Youâ€™re a joke
walkswithnofear,@KamalaHarris @JoeBiden And 40 days until @KamalaHarris becomes President-in-waiting.
EOf2020,RT @mike_wanaoni: @KamalaHarris @JoeBiden How Hitler seized power in Nazi Germany: 1. Create a crisis. 2. Demonize opponents. 3. Declare aâ€¦
macrox1956,@KamalaHarris @JoeBiden https://t.co/koahzOmGbk
Nicki97210505,@KamalaHarris @JoeBiden I can hardly wait ğŸ™‚
digitalspaz,"@KamalaHarris @JoeBiden Only 41 days until a mysterious accident occurs, and Kamala assumes power."
Destiny36760590,@KamalaHarris @JoeBiden Yay!
EOf2020,@KamalaHarris @JoeBiden Forty days too long!
JamieStarr319,@KamalaHarris @TIME @JoeBiden Mayor Willie Brown sends his best... ğŸŒˆâœŠ https://t.co/eMCSj2aQFv
realJPowell,@KamalaHarris @JoeBiden How many days til you do?
karl16129758,@KamalaHarris @JoeBiden Well is time to do something... is time to make some pressure to that garbage. One way or aâ€¦ https://t.co/T1oZOCjiLe
TimmoTheDude,@KamalaHarris @JoeBiden My wife and I were just talking how our #stress levels feel so much better knowing that youâ€¦ https://t.co/D3ZI4UfPwU
AMMOgrrl461,@KamalaHarris @JoeBiden Yep. Mr Biden will be number 46.
DivineDestiny05,@KamalaHarris @JoeBiden Yes!!! ğŸ™ŒğŸ¾ğŸ™ŒğŸ¾ğŸ™ŒğŸ¾ğŸ™ŒğŸ¾ğŸ™ŒğŸ¾ğŸ™ŒğŸ¾
reggieburney,@KamalaHarris @JoeBiden And until you become the 46th VPOTUS!
mjt21986,@KamalaHarris @TIME @JoeBiden https://t.co/CAyfhpotsA
punkh8ter,@KamalaHarris @JoeBiden Good luck
Lenghtymeatpup1,@KamalaHarris @JoeBiden You should resign your seat then
Simone69885174,RT @Gosia06280739: @KamalaHarris @JoeBiden STOP PLAYING POLITICS LIKE KIDS and help to reunited all separated couplesğŸ‡µğŸ‡±ğŸ‡ºğŸ‡¸fo ChristmasğŸ„ğŸ’”We nâ€¦
8lbBabyJesus,@KamalaHarris @JoeBiden Thank f#&amp;king god.
MANCHURIANCAND1,@KamalaHarris @JoeBiden ğŸ”¥
Barbara80908870,@KamalaHarris I agree. I hate Trump!!!
SharonMoriarty1,@KamalaHarris @JoeBiden 40 days with the current administration is still too long
Dannyzgains,@KamalaHarris @JoeBiden President Trump will transition to a much smoother 2nd Trump administration on January 20thâ€¦ https://t.co/4KysNuVuuW
charles32621705,"@KamalaHarris @JoeBiden Can't hardly wait to destroy America, May you be judged for this evil thing."
rosieglow2010,@KamalaHarris @stonegrnd1 @JoeBiden Only?  We're dying here.
thefrugalkat,@KamalaHarris @JoeBiden Wish it was sooner
mungunny,@KamalaHarris @DemocratsUp @JoeBiden Donâ€™t remind me #ChinaJoeBiden
scurtis73,@KamalaHarris @TIME @JoeBiden Why???
JamieStarr319,"@KamalaHarris @TIME @JoeBiden Remember when you kept saying you believe Bidenâ€™s sexual assault accusers??? But, witâ€¦ https://t.co/o8tTBJDR3r"
pjmiro,@KamalaHarris @JoeBiden Itâ€™s going to be a lllloooonnnnggg 40 days!
OwaisAliBhat3,@KamalaHarris @JoeBiden Phr sari tension khatam?
cannavist86,@KamalaHarris @JoeBiden ğŸ˜ğŸ˜ğŸ˜
Jessied75235626,@KamalaHarris @JoeBiden https://t.co/D0QdlVgUaG
mhmatus1,@KamalaHarris @JoeBiden Please hurry; I need some sleep
TrumpWonChick,RT @sharonfgass: @KamalaHarris @JoeBiden Only a few more days till your both in GITMO FOR TREASON! https://t.co/D0OXtCjSwG
LuMarSP,RT @MirianSantosAra: @KamalaHarris 11/12/2020 | VIGÃLIA ESPECIAL - SÃ‰RIE O ARREBATAMENTO DA IGREJA #PowerfulVigilExpo https://t.co/Ne1WLROKâ€¦
willy64853469,@KamalaHarris @JoeBiden In your dreams ğŸ€ğŸ˜´ğŸ˜´ğŸ¥±ğŸ¥±
Riley_Jenkins1,@KamalaHarris @JoeBiden And 41 till you declare him incompetent or erase him so you can become president.
LarryHouchins,@KamalaHarris @JoeBiden ğŸ¤®
fei_max,@KamalaHarris @JoeBiden https://t.co/QIoaOTZb1y
JuanDom14796388,@KamalaHarris @JoeBiden So basically after 1 year you become president. Then this country officially goes down the toilet.
liamgalla,@KamalaHarris @Runnernyc20 How come you haven't gave up your senate seat.  You will be president to replace Beijingâ€¦ https://t.co/vW0gCMhHhi
ObadiahMua,"@KamalaHarris @JoeBiden Impatiently looking forward to January 20, 2021. These are the darkest days before the dawnâ€¦ https://t.co/Hr0aeaVyqd"
AmanteOfMusic,"@KamalaHarris @JoeBiden 40 days too long. But, if I can go 4 years with a dictator in the White House. I can go 40â€¦ https://t.co/MXBjGASm7n"
b_neeth,@KamalaHarris @JoeBiden Oh boy only 40 days until nothing changes
EhinomeIyere,@KamalaHarris So difficult Trump should be held responsible for the spread that has caused innocent lives to be losâ€¦ https://t.co/zQuLuWxIfL
Shutter2309,@KamalaHarris @JoeBiden Ahhh Madam Vice President. Thank you for trying to soothe our frayed nerves.
cnocbeag,RT @KarineOmry: @KamalaHarris @JoeBiden Please make a clear statement against the 4 upcoming federal executions before #InaugurationDay2021â€¦
Lilpissant,@KamalaHarris @JoeBiden Nice! Is he going to stop giving free weapons to Ukraine Nationalist Militia? https://t.co/rF3LxvAQ7f
BellaMorgana3,RT @_ReaalAmerican_: @KamalaHarris @JoeBiden https://t.co/X1Oad3raaJ
MrCrystalLake,@KamalaHarris @JoeBiden https://t.co/xtbet7MT5b
herefordzonemom,@KamalaHarris @JoeBiden Nope
DJW09065186,@KamalaHarris @TIME @JoeBiden Awesome. Congratulations!
minitadeboli,RT @shidasia411: @KamalaHarris @JoeBiden We love to see it.
Ready2Retire_,@KamalaHarris @JoeBiden MAYBE....MAYBE NOT.
EbbittWilliam,@KamalaHarris @JoeBiden A day which cannot come to soon.
S12191628,@KamalaHarris @JoeBiden Not my president
McConkeyCookie,@KamalaHarris @JoeBiden Iâ€™m going with drugs https://t.co/cDXwXrzAXu
eldoradohills,@KamalaHarris @JoeBiden #FakeNews
Lovekyle2009,@KamalaHarris @JoeBiden The longest 40 days of my lifeğŸ¥¸
kool_kop,"@KamalaHarris @JoeBiden Nah, fam."
workingtrucker,RT @JeffreyGuterman: @KamalaHarris @JoeBiden Please follow. I am hosting an Inaugural Celebration via #Periscope on January 20 at 7 PM ET.â€¦
emelda200041,RT @JeffreyGuterman: @KamalaHarris @JoeBiden Please follow. I am hosting an Inaugural Celebration via #Periscope on January 20 at 7 PM ET.â€¦
leonelernestog,@KamalaHarris @JoeBiden #fakenews
e_nandes2,@KamalaHarris @B52Malmet Please extend deadline when you are in power. Because the current government is certainly not advertising.
Lovis75323275,@KamalaHarris @JoeBiden Amazing
Naib64140759,@KamalaHarris @JoeBiden Pl condemn the injustice against Punjab farmers in India
fei_max,@KamalaHarris https://t.co/B747W71Ibj
parkmores120,RT @ZemanLynnZ: @KamalaHarris @JoeBiden Countdown ğŸ‡ºğŸ‡¸ https://t.co/nRQ178QpiI
4dogs1quilter,RT @someknew: @KamalaHarris Make Trump feel better and tell him that has been labelled #LoserOfTheYear by Europe's biggest news magazine Deâ€¦
homeynayomy79,@KamalaHarris @JoeBiden ğŸ¤£ğŸ¤£ğŸ¤£ğŸ¤£
hldnrhds,@KamalaHarris @JoeBiden WE DID IT JOE
ChadGrumbling,RT @Gosia06280739: @KamalaHarris @JoeBiden STOP PLAYING POLITICS LIKE KIDS and help to reunited all separated couplesğŸ‡µğŸ‡±ğŸ‡ºğŸ‡¸fo ChristmasğŸ„ğŸ’”We nâ€¦
cuban731,@KamalaHarris @JoeBiden Canâ€™t come any faster. Get this clown out of the White House.
genie6258,@KamalaHarris @TIME @JoeBiden https://t.co/ku9ffXZNLo
TruePat10906538,"@KamalaHarris @JoeBiden ELECTORAL COLLEGE WIN OR NOT, BIDEN AND HARRIS WILL NEVER BE CONSIDERED A LEGITIMATE PRESIDâ€¦ https://t.co/tOhRu15QFd"
rodden_debra,@KamalaHarris @JoeBiden Cannot wait!  Congrats on your Time Magazine honor.  Well deserved ğŸ’—ğŸ’™
dee_MoonBaby,@KamalaHarris @JoeBiden How many days before you kick him out and make yourself queen? Not gonna happen!
BellaMorgana3,RT @someknew: @KamalaHarris Make Trump feel better and tell him that has been labelled #LoserOfTheYear by Europe's biggest news magazine Deâ€¦
MirianSantosAra,@KamalaHarris 11/12/2020 | VIGÃLIA ESPECIAL - SÃ‰RIE O ARREBATAMENTO DA IGREJA #PowerfulVigilExpo https://t.co/Ne1WLROKaE
spiritwildchild,RT @mike_wanaoni: @KamalaHarris @JoeBiden How Hitler seized power in Nazi Germany: 1. Create a crisis. 2. Demonize opponents. 3. Declare aâ€¦
Pizza_Rolls9,@KamalaHarris @JoeBiden That's a funny way of saying Nancy Pelosi
RealRozeh,@KamalaHarris @JoeBiden Joke. Then go ahead and resign from the Senate.
bh420420,@KamalaHarris Slept your way to the top
WulffJones,@KamalaHarris @JoeBiden Iâ€™m looking at the inauguration stage being built right NOW. You will not be on it . https://t.co/qEbztC6pPs
Georgia23206947,"@KamalaHarris @JoeBiden Absolutely cant wait, Thank you so much,"
MJSBEACHGIRL,@KamalaHarris @JoeBiden https://t.co/ZCkAOC1KCD
DarcindaMoreno,@KamalaHarris @JoeBiden Have you even watched real news Biden is so corrupt the election was a sham you'll never beâ€¦ https://t.co/7c2Z9cvIbl
Azodj72,@KamalaHarris @JoeBiden ğŸ¤£ğŸ¤£ keep thinking thatğŸ‘Œ
IBB64,@KamalaHarris @JoeBiden https://t.co/T6nQaedvNq
RobertM20013915,@KamalaHarris Stop the steal https://t.co/Mr4lGaDs4W
mikemerlinator,@KamalaHarris @JoeBiden I am so proud that a black woman withheld DNA evidence from 2 black men that would have savâ€¦ https://t.co/aT5qJ2Zcqp
LisaFreedom6,@KamalaHarris @JoeBiden You must be kidding me. ğŸ¤¢ğŸ¤¢ğŸ¤¢ğŸ¤¢ğŸ¤¢ğŸ¤¢ğŸ¤¢ğŸ¤¢ğŸ¤¢ğŸ¤¢ğŸ¤¢ğŸ¤¢ğŸ¤¢ğŸ¤¢ğŸ¤¢ğŸ¤®ğŸ¤®ğŸ¤®ğŸ¤®ğŸ¤®ğŸ¤®ğŸ¤®ğŸ¤®ğŸ¤®ğŸ¤®ğŸ¤®ğŸ¤®ğŸ¤®ğŸ¤®ğŸ¤®ğŸ¤®ğŸ¤®ğŸ¤®ğŸ¤®ğŸ¤®ğŸ¤®ğŸ¤®ğŸ¤®ğŸ¤®
nomiddleton2,@KamalaHarris @MarciaBunney @TIME @JoeBiden Congratulations. Senator....ooops Vice President elect Harrisâ¤ï¸â¤ï¸â¤ï¸â¤ï¸â¤ï¸
batestimbo,@KamalaHarris @JoeBiden ğŸ˜‚ğŸ˜‚ğŸ˜‚ğŸ˜‚ğŸ˜‚ Riiiight. And thatâ€™s why you still havenâ€™t given up that senate seat?
Mjcrjdrvrsoonrf,RT @Michael28776097: @KamalaHarris @JoeBiden Not a moment too soon.   #PresidentElectBiden  #VPElectKamalaHarris  ğŸ‡¨ğŸ‡¦
eyesanangel,@KamalaHarris @JoeBiden #Hypocrites
SherChris4,@KamalaHarris @JoeBiden If you believed that you would have given up your Senate seat. â˜ºï¸
AmericaContext,RT @mike_wanaoni: @KamalaHarris @JoeBiden How Hitler seized power in Nazi Germany: 1. Create a crisis. 2. Demonize opponents. 3. Declare aâ€¦
Books871,@KamalaHarris @TIME @JoeBiden https://t.co/bCxxJroLTO
SeethingSista,@KamalaHarris @JoeBiden Hope y'all ready. This time I ain't going to be a popularity pageant. Y'all going to earn that money
LaminBayo20,@KamalaHarris @JoeBiden The expectations are too high and the whole world is really proud of you both. Congratulatiâ€¦ https://t.co/oRXBEdVIMV
arkhambw,@KamalaHarris @TIME @JoeBiden https://t.co/tsZHvSmNr9
KateW_G,@KamalaHarris @JoeBiden It canâ€™t come soon enough!
Chenzo55beta,@KamalaHarris @JoeBiden Time skip anyone? Little over a month long?
theflowerseller,@KamalaHarris You are in no way person of the year!  There is a doctor or nurse much more deserving of that title.
DarrinOakley,@KamalaHarris @JoeBiden And you become a world transformer. ğŸ™ğŸ™Œ
LGrisaru,@KamalaHarris @JoeBiden Pray we make it.
tillerytom,@KamalaHarris @JoeBiden Never going to happen
LorenaSlafford,@KamalaHarris @TIME @JoeBiden https://t.co/QxctTAy0nF
gramtotwo_robin,@KamalaHarris @JoeBiden https://t.co/ndVwUky0eQ
Karenlumsden9,@KamalaHarris @JoeBiden 40 days and 40 nights ğŸ™ğŸ¾ğŸ™ğŸ¾
NigelTufnel7,@KamalaHarris #Medicare4All please
lindasu62854484,"@KamalaHarris @JoeBiden Yes, yes and YES!"
GodsWor03949826,@KamalaHarris @JoeBiden ğŸ¤£ğŸ¤£ğŸ¤£
champton3333,@KamalaHarris @JoeBiden If he makes it
dspetro,@KamalaHarris @TIME @JoeBiden The Bipolars in public service are making it about themselves again.  Shocking!
SeanNewboy,RT @JeffreyGuterman: @KamalaHarris @JoeBiden Please follow. I am hosting an Inaugural Celebration via #Periscope on January 20 at 7 PM ET.â€¦
JoySmit54124045,@KamalaHarris @JoeBiden 39.5 days
Shail67330119,"RT @Styx666Official: @KamalaHarris You're grody, adulteress."
deannamcraig,@KamalaHarris @JoeBiden https://t.co/xl5gCdJO1j
LARS86191669,@KamalaHarris @JoeBiden YAY!!!!! And you know who is out of office. Finally!
Chrismcclorey2,"@KamalaHarris @JoeBiden Howany days until your the 47th, 40.5?"
scott_stringle,@KamalaHarris @JoeBiden only 40 days until 2 of the most corrupt politicians in American history get rigged in. Nobâ€¦ https://t.co/feAOEj2GhH
TakeRightTurn,@KamalaHarris @JoeBiden And 41 days until he resigns and you become President.  God help us.
FishRulez,@KamalaHarris @JoeBiden I hope not!  It would be the biggest heist in the history of crime.
jettica65,RT @KarineOmry: @KamalaHarris @JoeBiden Please make a clear statement against the 4 upcoming federal executions before #InaugurationDay2021â€¦
Rickchik1,@KamalaHarris @JoeBiden It canâ€™t come soon enough!
SabischScott,@KamalaHarris @JoeBiden U sure?
olskljo,@KamalaHarris @JoeBiden Ok then what?? Is he going to come up for air???
DumpsterFyree,@KamalaHarris @JoeBiden Periodt
Mohamma84198801,@KamalaHarris @JoeBiden Trump will not permit it
profcasby,@KamalaHarris @JoeBiden https://t.co/KC91qMdhAC
comeytradecraft,@KamalaHarris @JoeBiden THIS IS BEEING FACT CHECKED  Actually due to challenges is many states over the electionâ€™sâ€¦ https://t.co/ETUlMJYvnL
tylerlauria,@KamalaHarris @JoeBiden Says who?
azporchhonky,@KamalaHarris @JoeBiden ğŸ˜‚ğŸ˜‚ğŸ˜‚ğŸ˜‚ğŸ˜‚
just__me__jess,@KamalaHarris @JoeBiden Until you two destroy us.
mwassamuel,RT @PraSaraDeAraujo: @KamalaHarris @JoeBiden 11/12/2020 | VIGÃLIA ESPECIAL - SÃ‰RIE O ARREBATAMENTO DA IGREJA  #PowerfulVigilExpo https://t.â€¦
AnthonyRomo17,@KamalaHarris @JoeBiden Or you
TassajaraRd,RT @mike_wanaoni: @KamalaHarris @JoeBiden How Hitler seized power in Nazi Germany: 1. Create a crisis. 2. Demonize opponents. 3. Declare aâ€¦
RU_NJ_STRONGFB,@KamalaHarris @JoeBiden Why haven't you given up your seat of you believe your own lies...lol America knows the truth #enemyofamerica
Tedards,@KamalaHarris @Joan_of_Snarc @JoeBiden Only? Turning out to be pure torture.
kenjgld,@KamalaHarris @JoeBiden https://t.co/t7mRBUy29z
Rainbow_sign4u,@KamalaHarris @JoeBiden peace  &amp; security promiseğŸ™ğŸ¾ğŸ™ğŸ¾ğŸ™ğŸ¾ God added:â€œThis is the signğŸŒˆ...that I am making between meâ€¦ https://t.co/UiDquKKxx3
BryanDwyer18,@KamalaHarris @JoeBiden Brava Kamala!!
McConkeyCookie,@KamalaHarris @JoeBiden My daughter: â€œSo if I sleep with my 65 year old boss when I grow up I can be Vice President too?â€
siphakid,@KamalaHarris @JoeBiden youpi
Quizikal82,@KamalaHarris @JoeBiden Laughable.
FrediJengo,@KamalaHarris @MosquitoLab @JoeBiden I donâ€™t think so ! Trump will continue
KanadohN,@KamalaHarris @JoeBiden Itâ€™s a sad day for America when cheating and fraud and deception and abuse are so utterly râ€¦ https://t.co/XkYDD32ckw
MercedesBonill6,RT @mike_wanaoni: @KamalaHarris @JoeBiden How Hitler seized power in Nazi Germany: 1. Create a crisis. 2. Demonize opponents. 3. Declare aâ€¦
TrevorSalisbury,"@KamalaHarris @JoeBiden â€œHouston, we have a problem!â€"
sorrynotmyjob,"@KamalaHarris @JoeBiden The patriots in this country, including Trump, won't stand for the level of corruption seenâ€¦ https://t.co/RJjmYRDyHp"
tamsd3000,@KamalaHarris Cheaters
adnildyob,@KamalaHarris @TIME @JoeBiden https://t.co/CzBAS82jzl
Helen504,@KamalaHarris @Aprylsmithts @JoeBiden Good luck Kamela. We love you and are here for you
Barbara04970389,@KamalaHarris @JoeBiden CONGRATULATIONS! YOU ARE MAKING HISTORY AND MAKING US PROUD!â¤
ITOSUNER,@KamalaHarris @JoeBiden Hadi hayÄ±rlÄ±sÄ± bakalÄ±m. Takipteyiz. GÃ¶receÄŸiz..
tracy477,@KamalaHarris @JoeBiden Not to mention kamala becomes vp..... WOOT!!
profcasby,@KamalaHarris @JoeBiden https://t.co/squuIJxfIY
ExResurgam,"@KamalaHarris @JoeBiden Wednesday, 20 January #Obamathirdtermstarts"
VarahnTet,"@KamalaHarris @JoeBiden And YOU, our 49th Vice President! Kamala Harris!! I'm so dang happy and proud I got to voteâ€¦ https://t.co/RrACQnplKC"
LefleurRoxlef,"@KamalaHarris @JoeBiden https://t.co/mYh8kP5d4s   Why haven't you given up your senate seat? Oh, yeah..."
mommymyrnus,@KamalaHarris @JoeBiden Congratulations Vice President-elect!
YoBoiKen,@KamalaHarris @JoeBiden https://t.co/mkl9jqh5oq
May_2112,@KamalaHarris @HayatAlvi @JoeBiden time has never moved so slowly....
jancaru2,@KamalaHarris @JoeBiden So excited!
tkl8585,RT @GrahamAllen_1: @KamalaHarris @JoeBiden What a joke ğŸ˜‚ğŸ˜‚ğŸ˜‚
GodSaveUs5,@KamalaHarris @JoeBiden https://t.co/xNiMjulkVJ
Claudia57921779,@KamalaHarris @JoeBiden ğŸ˜‚ğŸ˜‚ğŸ˜‚ğŸ˜‚ğŸ˜‚
BenedictBBanne1,"@KamalaHarris @JoeBiden Am so proud of you guys dear and I can't wait for that day to come, I pray that God continuâ€¦ https://t.co/L3ztCHB8vv"
tkl8585,@KamalaHarris @JoeBiden Hey heels up You ainâ€™t gonna be VP
ScreamAtTheTV,@KamalaHarris @JoeBiden There it is. This is the stuff magazine accolades for doing nothing meaningful are made of.
johng48988548,@KamalaHarris @JoeBiden That's about how many days he is going to be in a funny presidential office and it may be mâ€¦ https://t.co/C0htM9vER1
CustombreezeLLC,@KamalaHarris @TIME @JoeBiden Praying for you!
DrWeld,@KamalaHarris @JoeBiden Only 46 days until this country starts its transformation into the  United Sates or Venezuela
big_chetti,@KamalaHarris @JoeBiden Give up your seat then
segelmimmi,@KamalaHarris @JoeBiden ğŸ‘ğŸ‘
irene_shipman,"@KamalaHarris Kamala, I just wanted to congratulate you for being chosen as person of the year by time magazine. Thâ€¦ https://t.co/pF017ZZxPV"
EdwardW99473290,@KamalaHarris @JoeBiden So why havenâ€™t you quitted the senator by far?
the_clares,RT @AbuRaziel: @KamalaHarris @JoeBiden 40 days until Donnie gets a taste of his own medicine - EVICTION! https://t.co/bxDHHAMfD3
PieroAnnoni,@KamalaHarris @JoeBiden Nausea!
alohastatebrown,@KamalaHarris @JoeBiden https://t.co/VnIZYTtAKe
wldgrl,@KamalaHarris @JoeBiden https://t.co/vkbOZrb1ao
LB09696149,@KamalaHarris We'll see
djlosada,@KamalaHarris @TIME @JoeBiden I'd be embarrassed.
skyrunner75,@KamalaHarris @JoeBiden Only 40 days to jail..
Nalajama1,@KamalaHarris @JoeBiden Are you concerned with the threats that communist China brings to the American public?  Howâ€¦ https://t.co/LYsUETj6Mn
greenlt747,@KamalaHarris @JoeBiden ğŸ’™ğŸ’™ğŸ’™ğŸ’™ğŸ’™CANNOT WAIT.
rick28634443,@KamalaHarris @TIME @JoeBiden You canâ€™t be proud of that. They are making fun of you by putting you on the cover.
MNighn,@KamalaHarris @JoeBiden It can't come soon enough for me!  So happy to have you both in the White House! Stay stronâ€¦ https://t.co/PjFtsuxlDe
SandraH26502320,@KamalaHarris @JoeBiden Thank God !!!
paint_paper2,"@KamalaHarris @JoeBiden Plus, our first Black, Asian, Woman Vice President! Not soon enough!"
Valdorad,@KamalaHarris @JoeBiden https://t.co/VCbbjsv5N7
Jason32769176,@KamalaHarris @JoeBiden #BidenCheated2020
CorranDerrick,@KamalaHarris @JoeBiden How come you havenâ€™t resigned from the senate yet?
VaporsHeaven,RT @VaporsHeaven: @KamalaHarris working her way to the top... #trumpwon2020 #bidenharrischeated2020 #Overturn https://t.co/kpHv74fMNP
casey_kingsbury,"@KamalaHarris @JoeBiden Letâ€™s hope not, unless you two want to be the ones that lose more than half the states to a new country ğŸ˜‚ğŸ˜‚."
tamsd3000,@KamalaHarris @JoeBiden Only 40 days til you and Joey start to spread the evil
JUANLAUGHINGATU,@KamalaHarris @JoeBiden https://t.co/ReacHnCioJ
favourafolabi,@KamalaHarris @JoeBiden ğŸ˜ğŸ˜ğŸ˜
mohammeddyaa87,@KamalaHarris @JoeBiden Ø¨Ù„ÙƒØª Ù…Ùˆ Ù…Ø«Ù„ ØªØ±Ø§Ù…Ø¨ Ø§ØªØ¬Ø§Ù‡ Ø§Ù„Ø¹Ø±Ø§Ù‚
NiksieHussle,@KamalaHarris @JoeBiden 40 days until we drink and salute America with Democratsâ€™ tearsğŸ˜‚
SPethes,@KamalaHarris @JoeBiden https://t.co/bIHLFtwix2
annadoesnotcare,@KamalaHarris @JoeBiden period https://t.co/2dPzAhww9q
Michael28776097,@KamalaHarris @JoeBiden Not a moment too soon.   #PresidentElectBiden  #VPElectKamalaHarris  ğŸ‡¨ğŸ‡¦
Red_Pill_1776,@KamalaHarris @JoeBiden @twitter disputed  Facts the only body the matters... the electoral college has not electedâ€¦ https://t.co/IzybhoXb2D
DJNet812,@KamalaHarris @JoeBiden Can't wait to see the orange man outta here!!
AudraBushue,@KamalaHarris @JoeBiden WRONG
PaulShanaman,@KamalaHarris @JoeBiden Supreme Court is probably going to nuke that
darby_bartley,@KamalaHarris @JoeBiden https://t.co/qcHMADHqK3
rcale1776,@KamalaHarris @JoeBiden Why havenâ€™t you resigned your senate seat?
EhinomeIyere,@KamalaHarris @JoeBiden Yes
zincalloy62,@KamalaHarris @JoeBiden It canâ€™t happen soon enough.
xdCenixYT,@KamalaHarris @JoeBiden This will be the worst 40 days of my life but after those 40 days best 4 years ever
Monet09571168,@KamalaHarris @JoeBiden Can we just make it for next week? I mean if Trump thinks by asking courts to overturn theâ€¦ https://t.co/jMkykB6Uh9
SayByeOrangeMan,@KamalaHarris @JoeBiden Can we expedite this at all?
RomanDavenport3,@KamalaHarris @JoeBiden ğŸ‘
Satchmo65682368,@KamalaHarris @JoeBiden ğŸ˜‚ ğŸ˜‚ğŸ˜‚ğŸ˜‚ğŸ˜‚
csheehan917,@KamalaHarris @JoeBiden Not sure Iâ€™ll make it 40 more Days of this !
RoqueTheBoat,"@KamalaHarris @JoeBiden Could we just do this now? Like, tomorrow? We are SOOOO TIRED with that motherfcker impostor!"
jbUSA8,@KamalaHarris @JoeBiden Not going to happen
Kevinpr37157923,@KamalaHarris @JoeBiden https://t.co/nQ54XNzf8f
Melrc1971,@KamalaHarris @JoeBiden It's not going to happen but you keep living in your little imaginary world!
globesurfer1,@KamalaHarris @JoeBiden It canâ€™t come soon enough !
Tc09875929,@KamalaHarris @JoeBiden By all means put cynthia johnsons evil video back on YouTube. Is she in jail ? She dog whisâ€¦ https://t.co/9EFwO7mGmR
edgeoffamiliar,@KamalaHarris @JoeBiden https://t.co/bNHk4ndBDP
LifaAli3,@KamalaHarris @JoeBiden What's about Occidental Sahara??
linda72135856,@KamalaHarris @thomaskaine5 @JoeBiden Only 40 very long days and nights until @JoeBiden becomes the 46th Presidentâ€¦ https://t.co/pZeKCwCVcx
shannatorp,@KamalaHarris @JoeBiden Not going to happen..your party cheated
tamsd3000,@KamalaHarris @JoeBiden Only 46 days till you and Joey start to spread your evil.
Michaelscott342,@KamalaHarris @JoeBiden Nope ğŸ¤£
VPetalu3,@KamalaHarris @JoeBiden https://t.co/7IZ9SkZhta
mpgcfo,@KamalaHarris @JoeBiden Thank God.ğŸ˜„
TmsKeith,@KamalaHarris But @KamalaHarris you are not Vice President Elect and hopefully for America's sake I doubt you ever will be!
PhilConnorss,"RT @Myselfkp: @KamalaHarris @TIME @JoeBiden You really want to know ""PERSON OF THE YEAR "".. Here is - https://t.co/G6bU81bnj4"
BabaliciousDQ1,@KamalaHarris @JoeBiden YAAAAASSSSSS https://t.co/4rTbRLgNn7
PeggyPiscopo,@KamalaHarris @JoeBiden It canâ€™t come soon enough
decicco_mario,@KamalaHarris @JoeBiden Then weâ€™ll all burn in the depths of hell LMAO
the_clares,"RT @kait2131: @KamalaHarris @JoeBiden I am so proud of you Vice President! Not only the first woman to hold that position, but now also graâ€¦"
atinacarol,RT @kissthemike: @KamalaHarris @JoeBiden Kamala we need some law and order for real! All these attorneys pushing Trumpâ€™s false narratives aâ€¦
ekosime,@KamalaHarris @TIME @JoeBiden I watched it live as Bruce Springsteen did the announcement.
political_busy,@KamalaHarris Just stop. This pandering is gross.
abetoday2020,"@KamalaHarris @JoeBiden Oh yeah, then why don't you reaign from the Senate?"
merica40582252,@KamalaHarris @JoeBiden Nope
BladeChoate,@KamalaHarris @JoeBiden https://t.co/Iu1xU8iPQk
EarlAndersen4,"@KamalaHarris @JoeBiden After the civil war, is what it looks like. Get ready to work with the generals and court mâ€¦ https://t.co/jsd98LtwkV"
donbFedUp,@KamalaHarris @JoeBiden Not gonna happen. Trump won.
yarbie35,@KamalaHarris @jntr @JoeBiden I don't understand how the Republicans can get away with trying to overturn the election.
cfff36f,@KamalaHarris @JoeBiden Fake news
PurpLotusHeart,@KamalaHarris @JoeBiden #NamoDat
Halilzt07618086,@KamalaHarris @JoeBiden Sorumluluk adil bir zemine oturursa yÃ¼kselmek dengeli ve gÃ¼venli olur
vlharris3rd,@KamalaHarris @JoeBiden Thank you Madame Vice-President ElectğŸ’Stay strong for Everyone and Democracy ğŸ‡ºğŸ‡¸
mearlwilliams,@KamalaHarris @JoeBiden #USA #America Because of bent #postalvotes and #COVID19 (quite likely) deliberately releaseâ€¦ https://t.co/rKCmeRVMoM
nforte40,@KamalaHarris @JoeBiden https://t.co/oHeikG1qci
LIZNJ1958,@KamalaHarris @JoeBiden Thank God!!!!
LaVernC57980935,@KamalaHarris @JoeBiden Yesss!!! ğŸ’•ğŸ¤—ğŸ‘ğŸ½
Mistiblue,RT @mike_wanaoni: @KamalaHarris @JoeBiden How Hitler seized power in Nazi Germany: 1. Create a crisis. 2. Demonize opponents. 3. Declare aâ€¦
JamieStarr319,@KamalaHarris Kamala... has Biden... sniffed you yet? Or given you the Tara Reade treatment? https://t.co/m2CgR0AsUG
TheGrayFoxTv,@KamalaHarris @JoeBiden https://t.co/Vmlioypx3X
crazyjo2482,"@KamalaHarris @JoeBiden And until you, Madam Vice President, make history by taking the oath of office as the firstâ€¦ https://t.co/0q69owwdhM"
BigBrofannnn,@KamalaHarris @JoeBiden Little ğŸ¦ says supreme court ruling in Trumps favor on Monday! Thank goodness you didn't vacate your seat!
buckeyemarines,@KamalaHarris @JoeBiden And You become Our Vice President ğŸ’™ https://t.co/PtrjhOIA9r
kidane_azmach,@KamalaHarris @JoeBiden Very True
DebbieV05981623,@KamalaHarris @JoeBiden It couldnâ€™t come sooner!
DeerhunterJack,@KamalaHarris @JoeBiden https://t.co/piZYlJVTrM
Cussykid,@KamalaHarris @JoeBiden Please don't sponsor the killing of  more babies kamala   Don't please!
JoeMurp79022907,@KamalaHarris @JoeBiden Can't wait and maybe we will become a respected nation again and not a laughing stock!
Mistiblue,RT @_ReaalAmerican_: @KamalaHarris @JoeBiden https://t.co/nU3YF7fyFZ
TindellTodd,@KamalaHarris @JoeBiden You are on some serious drugs if you think your gonna be in the whitehouse ..only place youâ€¦ https://t.co/vY16k22WM4
6annon,"@KamalaHarris @JoeBiden Don't worry. If you don't get an opportunity to take him out before then, 47th is kinda cool too."
MFloridagranny,"@KamalaHarris @JoeBiden And, you become #MadamVicePresident"
qldlander,@KamalaHarris @JoeBiden Yeah right. https://t.co/Ix5YC9vMUL
Mistiblue,RT @JeffreyGuterman: @KamalaHarris @JoeBiden Please follow. I am hosting an Inaugural Celebration via #Periscope on January 20 at 7 PM ET.â€¦
ShirleyDoughty,@KamalaHarris @JoeBiden I just hope we make it! (I know we will)
MaymeWinters,@KamalaHarris @JoeBiden January 20th.. My Birthday! The best Birthday President Ever!  A True Celebration. Thank you!
jtopper49,"@KamalaHarris @JoeBiden The season of Lent in the church is 40 days. The time of reflection, compensation, and sacrâ€¦ https://t.co/Ds4MjvEJuW"
Afairgo_today,@KamalaHarris @TIME @JoeBiden People of the year for doing shit what the fcuk is wrong wirh Time Magazine ???
Mohamed_Yousuf_,@KamalaHarris @JoeBiden What we expected is going to happen.... @JoeBiden  becomes the 46th president of the United States
bglorentz,@KamalaHarris @JoeBiden https://t.co/LDTi4zmyOR
JamieStarr319,@KamalaHarris âœŠğŸŒˆğŸ†ğŸŒ® https://t.co/XLCQcOfYNE
TheDevilofNC,@KamalaHarris @JoeBiden We can't wait!
ssandercox,@KamalaHarris @JoeBiden Canâ€™t come soon enough!
scott_stringle,@KamalaHarris @JoeBiden how long before he gets pushed aside due to his cognitive decline?
GetTheMoney_Co,"@KamalaHarris @JoeBiden Proud to be a recovering Republican.  I know this could have many meanings, so my meaning iâ€¦ https://t.co/Ay09ybjIx0"
AdamSmith110520,"@KamalaHarris @JoeBiden 45th, Trump was no president."
ebubedike4us,@KamalaHarris @JoeBiden You are dreaming
YoungPharoah89,@KamalaHarris @JoeBiden The day cant come soon enough ğŸ˜¢ğŸ˜­ğŸ˜­ğŸ˜©.. It will be a relief to see Biden and Harris in the office.
KeepinUposted2,"@KamalaHarris @TIME @JoeBiden ğŸ˜…...ğŸ˜…ğŸ˜…...ğŸ˜…ğŸ˜…ğŸ˜… ğŸ˜‚ğŸ˜‚ğŸ˜‚ğŸ˜‚...ğŸ¤£ğŸ¤£ğŸ¤£ğŸ¤£ğŸ¤£ğŸ¤£ğŸ¤£ğŸ¤£ First, 'they' gave out Nobel Peace prizes like candy, thâ€¦ https://t.co/dV8pFKZMLb"
VictoriaBatezel,@KamalaHarris @JoeBiden Yay!!! Can't wait!!
gangstersoul1,@KamalaHarris @JoeBiden And yâ€™all ruin this great country even more
LudwigHup,@KamalaHarris @JoeBiden ```â“˜  ğ—¢ğ—³ğ—³ğ—¶ğ—°ğ—¶ğ—®ğ—¹ ğ˜€ğ—¼ğ˜‚ğ—¿ğ—°ğ—²ğ˜€ ğ˜€ğ˜ğ—®ğ˜ğ—²ğ—± ğ˜ğ—µğ—®ğ˜ ğ—¶ğ˜€ ğ—³ğ—®ğ—¹ğ˜€ğ—² ğ—®ğ—»ğ—± ğ—ºğ—¶ğ˜€ğ—¹ğ—²ğ—®ğ—±ğ—¶ğ—»ğ—´```  @Twitter @Facebook
BlackWrestling2,@KamalaHarris @JoeBiden CANâ€™T WAIT TRUMP GOTS TO GO
HamFaudy,@KamalaHarris @JoeBiden 40 DAYS https://t.co/wUmBauT5Q4
PraSaraDeAraujo,@KamalaHarris @JoeBiden 11/12/2020 | VIGÃLIA ESPECIAL - SÃ‰RIE O ARREBATAMENTO DA IGREJA  #PowerfulVigilExpo https://t.co/4KHMVQoGhg
JamieStarr319,@KamalaHarris You put too many black men in jail for doing exactly what you admitted to doing on college... then haâ€¦ https://t.co/CtBs115aPC
Desa13I,"RT @kait2131: @KamalaHarris @JoeBiden I am so proud of you Vice President! Not only the first woman to hold that position, but now also graâ€¦"
KloosterAaron,@KamalaHarris @JoeBiden lol
OMG94669046,@KamalaHarris @JoeBiden I can not wait. This madness has to stop!
sauceysocialist,"@KamalaHarris @JoeBiden Not necessarily, but you can push that if you'd like to.  #Transparency check"
LauraDiBella15,"@KamalaHarris @JoeBiden Please,  both of you walk around in bubble wrap until then ğŸ™ğŸ™ğŸ™"
MassMom1,@KamalaHarris @JoeBiden Only? This feels like an eternity.
MisterFitShace,RT @choptopmoseley: @KamalaHarris @JoeBiden Whew!
tomszawacki,@KamalaHarris @JoeBiden Can't wait. Sending you all as much good energy as I can spare.
haley_paints,@KamalaHarris @JoeBiden Canâ€™t be soon enough!!
Desa13I,RT @BishesBrew: @KamalaHarris @JoeBiden 40 days until we can finally let Lady Justice have her turn with Donald Trump. âš–ï¸ğŸ‡ºğŸ‡¸
GFrantello,@KamalaHarris @JoeBiden ğŸ¤¡ğŸ¤¡ğŸ¤¡ğŸ¤¡
Burntsquirrel1,@KamalaHarris @finneas @JoeBiden 40 Days till youâ€™re both put in GITMO
SouthPhillyDude,"@KamalaHarris @JoeBiden What happened to the ""Know this"" crap?"
ccalyouaw,@KamalaHarris @JoeBiden Canâ€™t wait! It going soo slow!
BSCSamhain,@KamalaHarris @TIME @JoeBiden So was Hitler....
Desa13I,RT @AbuRaziel: @KamalaHarris @JoeBiden 40 days until Donnie gets a taste of his own medicine - EVICTION! https://t.co/bxDHHAMfD3
HoltzDaddy,@KamalaHarris @JoeBiden https://t.co/sRjMy4jpgb
Tc09875929,@KamalaHarris @JoeBiden I want to know if that evil cynthia whoever lawmaker is in jail from Michigan for threateniâ€¦ https://t.co/92YfUuAPut
tfcalas,"@KamalaHarris @JoeBiden Ã”  Vice President, I often wish that day come sooner ."
AaronJFritsch,@KamalaHarris @JoeBiden https://t.co/STA6EAu7r3
Silvitten1,@KamalaHarris @JoeBiden We need you ğŸ™ğŸ™ğŸ™ for the good of all
ChineeLita,@KamalaHarris @TIME @JoeBiden Congratulations.  Now this is class. God bless u all. ğŸ™ğŸ™ğŸ™â¤â¤â¤
ranazeinali,"RT @jhozef7: @KamalaHarris @JoeBiden Dear president-elect @JoeBiden and @KamalaHarris, please give another chance to all Lottery winners inâ€¦"
leigh060112,@KamalaHarris @JoeBiden How about making us more comfortable about wth is going in Congress.
aarrzee,@KamalaHarris @JoeBiden Wednesday over 3000 people died from covid...in 1 day. 40 days feels like an eternity.
Desa13I,RT @someknew: @KamalaHarris Make Trump feel better and tell him that has been labelled #LoserOfTheYear by Europe's biggest news magazine Deâ€¦
h7n33n,RT @carmamatters: @KamalaHarris @ReverendWarnock @ossoff This would be the worst thing to happen to our country in generations. We MUST havâ€¦
mariosecond,@KamalaHarris @JoeBiden And you the co-president.   Yeah!
bogdweller123,@KamalaHarris @JoeBiden REALLY ğŸ¤”
FirenLight68,"@KamalaHarris @JoeBiden It's gonna feel like a cool rain in a parched desert when you two finally get in, i love yoâ€¦ https://t.co/6dYZxsrf1k"
conga_queen,@KamalaHarris @JoeBiden Yes.  I am also counting down.  Only 40 days until we can officially call you vice president  Harris
Bimm16143774,@KamalaHarris @JoeBiden DREAM ON.
thomasgamble10,@KamalaHarris @JoeBiden https://t.co/oY5evXQ05m
Superma71799431,@KamalaHarris @JoeBiden WRONG!!!!!
violent_rooster,@KamalaHarris @JoeBiden https://t.co/aPzpSdMp6s
